,content,Genre,Description Style
0,"<p>কার্তিক শেষ হলো কাল। আজ অগ্রহায়ণের প্রথম দিন। শীতের আগমনী বার্তা এখন রাজধানীর আকাশে-বাতাসে। এমন আবহাওয়ায় গতকাল সন্ধ্যায় সেগুনবাগিচার শিল্পকলা একাডেমির জাতীয় নাট্যশালায় মিলনায়তন নিক্বণধ্বনিতে জমে উঠেছিল। এখানে শুরু হয় নয় দিনের দ্বিতীয় জাতীয় নৃত্যনাট্য উৎসব।<br />সোমবার সন্ধ্যায় শিল্পকলা একাডেমির মূল হলে উৎসবের উদ্বোধন করেন অর্থমন্ত্রী আবুল মাল আবদুল মুহিত। অর্থমন্ত্রী সমাজ রক্ষা, উন্নয়ন, মানবিক গুণাবলি বিকাশের জন্যও নৃত্যনাট্য চর্চার গুরুত্ব রয়েছে বলে মন্তব্য করেন। তিনি বলেন, ‘সংস্কৃতির নানা মাধ্যমের মধ্যে নৃত্যনাট্য একটি শক্তিশালী মাধ্যম, যা নানা শিক্ষা দেয়। এই মাধ্যম থেকে রস আস্বাদন করে আমরা সমৃদ্ধ হতে পারি।’<br />অনুষ্ঠানে বিশেষ অতিথির বক্তব্য দেন সংস্কৃতিসচিব আকতারী মমতাজ। আরও বক্তব্য দেন নাট্যব্যক্তিত্ব নাসির উদ্দীন ইউসুফ, প্রবীণ নৃত্যশিল্পী রাহিজা খানম ও বাংলাদেশ নৃত্যশিল্পী সংস্থার সভাপতি মিনু হক। সভাপতিত্ব করেন শিল্পকলা একাডেমির মহাপরিচালক লিয়াকত আলী। রাহিজা খানম সংস্কৃতি খাতে বাজেটের অপ্রতুলতার দিকটি তুলে ধরে বলেন, ‘বাজেটের জন্য আমরা অনেক ভালো কাজ করতে চেয়েও পারি না।’ তার কথার সূত্র ধরে সংস্কৃতি খাতে সরকারি পৃষ্ঠপোষকতা বাড়ানোর দাবি জানান নাসির উদ্দীন ইউসুফ। জাতীয় উৎসবগুলো কেন্দ্রীয়ভাবে হওয়ার চেয়ে সারা দেশের স্কুল-কলেজে হওয়াই গুরুত্বপূর্ণ বলে মন্তব্য করেন তিনি।<br />উদ্বোধন ও বক্তৃতাপর্ব শেষে ফারহানা চৌধুরীর পরিচালনায় বাংলাদেশ একাডেমি অব ফাইন আর্টস পরিবেশন করে নৃত্যনাট্য নকশী কাঁথার মাঠ।</p>","['Culture', 'Entertainment']",Straight
1,"<p>রাজধানী ঢাকার ২১টি এলাকা চিকুনগুনিয়া বিস্তারের জন্য অধিক ঝুঁকিপূর্ণ। এসব এলাকায় চিকুনগুনিয়া বাহক মশার ঘনত্ব বেশি। এলাকাগুলো হচ্ছে উত্তরা ৯ নম্বর সেক্টর, মধ্যবাড্ডা, গুলশান-১, লালমাটিয়া, পল্লবী, মগবাজার, মালিবাগ চৌধুরী পাড়া, রামপুরা, তেজগাঁও, বনানী, নয়াটোলা, কুড়িল, পীরেরবাগ, রায়ের বাজার, শ্যামলী, উত্তরা ৪ নম্বর সেক্টর, মণিপুরিপাড়া, মোহাম্মদপুর, মহাখালী, মিরপুর-১ ও কড়াইল বস্তি।</p>","['Health', 'Government actions']",Straight
2,"<p>আজ বৃহস্পতিবার সচিবালয়ে স্বাস্থ্য অধিদপ্তরের আইইডিসিআর সম্প্রতি পরিচালিত গবেষণা প্রতিবেদন উপস্থাপন করা হয়। প্রতিবেদনে ঢাকা শহরের ২১টি এলাকাকে চিকুনগুনিয়ার জন্য অধিক ঝুঁকিপূর্ণ বলে উল্লেখ করা হয়। সচিবালয়ে চিকুনগুনিয়া রোগ বিস্তার রোধে করণীয়সংক্রান্ত এ সভায় সভাপতিত্ব করেন স্বাস্থ্যমন্ত্রী মোহাম্মদ নাসিম। ঝুঁকিপূর্ণ এলাকাগুলোতে মশা নিধন কার্যক্রম চালানোর জন্য নির্দেশ দিয়ে স্বাস্থ্যমন্ত্রী বলেন, বাড়িঘরের মধ্য অনেক সময় অনেক দিন পানি জমে থাকে। ফলে সেখানে এডিস মশার উৎপত্তি হতে পারে। তাই বাড়ির ভেতরে, বাড়ির ছাদে যেন পানি জমে না থাকে, সেদিকে জনগণকে খেয়াল রাখাতে হবে।</p>","['Health', 'Government actions']",Straight
3,"<p>চিকুনগুনিয়া ও ডেঙ্গু প্রতিরোধে আতঙ্ক না ছড়িয়ে গণসচেতনতা কার্যক্রম জোরদার করার আহ্বান জানিয়ে স্বাস্থ্যমন্ত্রী বলেন, চিকুনগুনিয়া ও ডেঙ্গু রোগের প্রাদুর্ভাবের কোনো আশঙ্কা নেই। সরকার এ ক্ষেত্রে বরাবরের মতোই প্রস্তুত। চিকুনগুনিয়া জীবনঘাতী কোনো রোগ নয়।</p>",['Health'],Straight
4,"<p>সভায় স্বাস্থ্যসেবা বিভাগের সচিব সিরাজুল হক খান, স্বাস্থ্য অধিদপ্তরের মহাপরিচালক অধ্যাপক আবুল কালাম আজাদসহ স্বাস্থ্য মন্ত্রণালয়, স্বাস্থ্য অধিদপ্তর, ঢাকা উত্তর ও দক্ষিণ সিটি করপোরেশনের ঊর্ধ্বতন কর্মকর্তারা উপস্থিত ছিলেন।</p>","['Health', 'Government actions']",Straight
5,"ছাত্রলীগের বর্তমান কমিটির মেয়াদ শেষ হচ্ছে আজ বুধবার। এরই মধ্যে পরবর্তী সম্মেলন নিয়ে নেতাকর্মীদের মধ্যে শুরু হয়েছে জল্পনা কল্পনা। পরবর্তী নেতৃত্বে আসতে ইচ্ছুক নেতারা তৎপর লবিং-তদবিরে। সংগঠনের ২৮তম জাতীয় সম্মেলনে আওয়ামী লীগ সভানেত্রী শেখ হাসিনার বক্তব্য এবং সম্প্রতি ছাত্রলীগের পরবর্তী সম্মেলন নিয়ে দলের সাধারণ সম্পাদক ওবায়দুল কাদেরের বক্তব্য নেতাকর্মীদের মধ্যে তৈরি করেছে বাড়তি উচ্ছ্বাস। এমন অবস্থায় আওয়ামী লীগ ও ছাত্রলীগের একাধিক কেন্দ্রীয় নেতা বলছেন, আগামী অক্টোবর-নভেম্বরের দিকে আসতে পারে ঐতিহ্যবাহী এ সংগঠনটির পরবর্তী সম্মেলনের ঘোষণা।২০১৫ সালের ২৫ ও ২৬ জুলাই ছাত্রলীগের ২৮তম সম্মেলন শেষে সাইফুর রহমান সোহাগকে সভাপতি ও এসএম জাকির হোসাইকে সাধারণ সম্পাদক করে পাঁচ সদস্যের কমিটি ঘোষণা করা হয়। গঠনতন্ত্র অনুযায়ী কমিটির মেয়াদ দুই বছর। সে হিসেবে আজ বুধবার বর্তমান কমিটির মেয়াদ শেষ হচ্ছে। ছাত্রলীগের গঠনতন্ত্রের ৫ নম্বর ধারা অনুযায়ী ২৭ বছরের বেঁধে দেয়া বয়সসীমা পরবর্তী সম্মেলনে বাড়ানো হবে কিনা- তা নিয়েও চলছে নানা আলোচনা।ছাত্রলীগের পূর্ববর্তী জাতীয় সম্মেলনে প্রধানমন্ত্রী শেখ হাসিনা সংগঠনের নেতৃত্বের বয়সসীমা ২৭ বছরের স্থলে ২৯ বছর করার ঘোষণা দেন। তিনি তখন বলেছিলেন, আমি নেতৃত্বের বয়স ২৭ বছর ঠিক করে দিয়েছিলাম। সম্মেলন বিলম্বিত হওয়ায় দুই বছর নষ্ট হয়েছে। তাই গ্রেস পিরিয়ড দিতে হয়। এটি এখন ২৯ বছর হয়ে গেছে। ২৯ বছরই থাকতে হবে। তিনি বলেন, দুই বছর দেরি হওয়ায় আমি দোষ দেই না। ২০১৩ সালের মে থেকে নির্বাচন ঠেকানোর নামে যে তাণ্ডব চালানো হয়েছে। ওই অবস্থায় সম্মেলন করা কঠিন ছিল। সংগঠনের স্বাভাবিক কার্যক্রম পরিচালিত হতে পারেনি বলেই দুই বছর দেরি হয়ে গেছে।আওয়ামী লীগ সভানেত্রীর এমন বক্তব্য বিশ্লেষণ করে ছাত্রলীগ নেতাকর্মীরা বলছেন, যেহেতু ছাত্রলীগের বর্তমান কমিটিকে বড় ধরনের কোনো আন্দোলন-সংগ্রামের মুখোমুখি হতে হয়নি তাই এবার হয়তো অতি দ্রুতই সম্মেলনের ঘোষণা আসবে। আর আগামী জাতীয় নির্বাচন সামনে রেখে নতুনভাবে সংগঠন গোছাতে চলতি বছরের মধ্যেই সম্মেলন হয়ে যাবে বলে মনে করছেন তারা। যদি নির্ধারিত সময়েই সম্মেলন হয়, তাহলে তো নেতৃত্বজট আর থাকছে না। সে ক্ষেত্রে পরবর্তী নেতৃত্ব নির্বাচনে সর্বোচ্চ বয়স কত হবে- তা নিয়েও হচ্ছে আলোচনা। তবে নেতাকর্মীরা বলছেন, যত আলোচনাই হোক না কেন, সবশেষে প্রধানমন্ত্রী শেখ হাসিনা যা বলবেন তাই চূড়ান্ত হবে।সম্মেলন নিয়ে জানতে চাইলে আওয়ামী লীগের একজন সাংগঠনিক সম্পাদক বলেন, যেহেতু আগস্ট মাসে আওয়ামী লীগ ও এর অঙ্গ সংগঠনগুলোর কমিটি হয় না। সে ক্ষেত্রে সেপ্টেম্বর-অক্টোবরের দিকে ছাত্রলীগের পরবর্তী সম্মেলনের তারিখ ঘোষণা হতে পারে। ‘সেপ্টেম্বর থেকে নভেম্বরের মধ্যে ছাত্রলীগের পরবর্তী সম্মেলন হবে।’গত ১৩ জুলাই বিকালে ধানমণ্ডিতে আওয়ামী লীগ সভানেত্রীর রাজনৈতিক কার্যালয়ে দলের সম্পাদকমণ্ডলীর বৈঠক শেষে সাংবাদিকদের দলের সাধারণ সম্পাদক ওবায়দুল কাদের বলেছিলেন, ‘ছাত্রলীগের সম্মেলন প্রলম্বিত হবে না। শিগগিরই আপনারা ছাত্রলীগের সম্মেলনের খবর পাবেন।’ ছাত্রলীগ নেতাকর্মীরা মনে করছেন, আওয়ামী লীগের হাইকমান্ড থেকে দেয়া বক্তব্য ইঙ্গিত করে যে দ্রুতই সম্মেলন হয়ে যাবে।তবে পরবর্তী সম্মেলনের তারিখ ঘোষণার ক্ষেত্রে আগামী জাতীয় নির্বাচন সামনে রেখে বিরোধী পক্ষ থেকে কী ধরনের কর্মসূচি আসছে তা অত্যন্ত গুরুত্বপূর্ণ। সে ক্ষেত্রে চলতি বছরের মধ্যেই কমিটি গঠনের সর্বোচ্চ চেষ্টা থাকবে। যদি কোনো কারণে সেটি পিছিয়ে যায়- সে ক্ষেত্রে সম্মেলন পিছিয়ে যেতে পারে আগামী জাতীয় নির্বাচন পর্যন্ত। তবে আওয়ামী লীগ ও ছাত্রলীগের সব পর্যায় থেকেই একটি কথা বলা হচ্ছে, সেটি হল ‘প্রধানমন্ত্রীর সিদ্ধান্ত অনুযায়ী সব হবে।’এ বিষয়ে ছাত্রলীগ সভাপতি সাইফুর রহমান সোহাগ যুগান্তরকে বলেন, ‘ছাত্রলীগের ধারাবাহিকতা আমরা কখনই ভাঙব না। ধারাবাহিকভাবে সব ইউনিটে সম্মেলন দেয়া হচ্ছে। রাজধানীর বাইরের শাখাগুলোতে কমিটি দিয়ে একে একে ঢাকার শাখাগুলোতেও সম্মেলন দেয়া হবে। এরপর জাতীয় সম্মেলনের মাধ্যমে আমরাও বিদায় নেব। আর এ বিষয়ে নেত্রীর (প্রধানমন্ত্রী শেখ হাসিনা) সিদ্ধান্তই চূড়ান্ত।’ সাধারণ সম্পাদক এসএম জাকির হোসাইন যুগান্তরকে বলেন, ‘সম্মেলনের মাধ্যমে আমরা যেদিন দায়িত্বে এসেছি, তার পর দিন থেকেই আমাদের সম্মেলনের প্রস্তুতি শুরু হয়েছে। আস্তে আস্তে সব শাখায় সম্মেলন দেব। এরপর ঢাকা মহানগর উত্তর-দক্ষিণ ও ঢাকা বিশ্ববিদ্যালয়ের সম্মেলন হবে। এরপর জাতীয় সম্মেলনের মাধ্যমে আমরা বিদায় নেব। নেত্রীর (প্রধানমন্ত্রী শেখ হাসিনা) সিদ্ধান্ত মানতে আমরা শতভাগ প্রস্তুত।’ ","['Politics', 'Discourse']",Commentary
6,"যদি রাত পোহালে শোনা যেত বঙ্গবন্ধু মরে নাই/ যদি রাজপথে আবার মিছিল হতো, বঙ্গবন্ধুর মুক্তি চাই/ তবে বিশ্ব পেত এক মহান নেতা, আমরা পেতাম ফিরে জাতির পিতা...। সোহরাওয়ার্দী উদ্যানে নির্মিত স্বাধীনতা জাদুঘরের ভেতর জাতির জনক বঙ্গবন্ধুকে নিয়ে গাওয়া এ গানটি বাজছিল। এ সময় দর্শনার্থীরা গভীর মমতা নিয়ে বঙ্গবন্ধু ও তার পরিবারের সদস্যদের প্রতিকৃতি দেখছিলেন। এগুলো দেখে বহু দর্শনার্থীর চোখ বেয়ে পানি ঝড়ছিল। মঙ্গলবার জাদুঘরের ভেতরে এ দৃশ্য দেখা গেছে।শোকের মাস আগস্ট উপলক্ষে মাসব্যাপী সকাল ১০টা থেকে রাত ৮টা পর্যন্ত জাদুঘরটি খোলা থাকছে। সকাল থেকেই নারী-শিশু থেকে শুরু করে সব বয়সী মানুষ জাদুঘরে প্রবেশ করতে শুরু করেন। ১২ বছর পর্যন্ত বয়সী শিশুদের জন্য ‘সৌজন্য প্রবেশপত্র’ দেয়া হয়। ২ দিন সরেজমিন ঘুরে দেখা গেছে, স্বাধীনতা জাদুঘরটি ঘিরে শত শত মানুষ ভিড় জমাচ্ছেন। ","['Culture', 'Politics']",Straight
7,"<p>ধূসর স্যুট গায়ে সোনালিচুলো লোকটা গাড়ি থেকে নামার পরপরই পড়তে লাগল ফটোগ্রাফারদের মুহুর্মুহু ফ্লাশ। প্যারিসের আকাশে বাতাসে যেন গুঞ্জরণ ,‘স্বাগতম ডেভিড বেকহাম!’জানুয়ারির শেষ দিনেই চমক হয়ে এল খবরটা। ইংল্যান্ড, ইতালি বা অস্ট্রেলিয়া নয়, কেতাদুরস্ত সাবেক ইংল্যান্ড অধিনায়কের নতুন ঠিকানা হতে যাচ্ছে ফরাসি ক্লাব প্যারিস সেন্ট জার্মেই। আপাতত চুক্তিটা পাঁচ মাসের। পেট্রোডলারের কল্যাণে আর যাই হোক, অর্থের অভাব নেই পিএসজির। ইব্রাহিমোভিচ, থিয়াগো সিলভা, লুকাস মৌরাদের দলে এনে সেই প্রমাণ দলটি দিয়েছেও। কিন্তু বেকহামের প্রতি হঠাৎ কার্লো আনচেলত্তি উৎসাহী হয়ে উঠলেন কেন? বোঝাই যায়, পেছনে ফুটবলীয় কারণ না যতটা আছে , তার চেয়ে বেশি এই ফুটবলারের বিশ্বজোড়া পরিচিতি। আরও নির্দিষ্ট করে বললে বাণিজ্যিক মূল্য। ফুটবলের লোভনীয় আন্তর্জাতিক বাজার ধরার সুযোগ হাতছাড়া করা যায় নাকি!কত বেতন পাবেন এটা জানা যায়নি। কিন্তু সংবাদ সম্মেলনে অপ্রত্যাশিত এক ঘোষণায় সবাইকে হতচকিতই করে দিয়েছেন বেকহাম। পিএসজি থেকে যে বেতন পাবেন, তার পুরোটাই দান করে দেবেন প্যারিসে শিশুদের একটি দাতব্য প্রতিষ্ঠানে। গত পরশু স্বাস্থ্য পরীক্ষার আনুষ্ঠানিকতা শেষে সংবাদ সম্মেলনে বলেছেন আরও অনেক কথাই। চুক্তিটা স্বল্প সময়ের জন্য হলেও আত্মনিবেদনে কোনো খাদ থাকবে না তাঁর, ‘আমি যখনই খেলি বা যেখানেই খেলি, সব সময়ই ১৫০ ভাগ ঢেলে দিই।’ বয়স হয়ে গেছে ৩৭, প্রশ্ন ছিল বুটজোড়া তুলে রাখবেন কবে? সরাসরি কিছু বলেননি বেকহাম, ‘আমি জানি না এটাই আমার শেষ চুক্তি হতে যাচ্ছে কিনা। মানুষ বেশ কয়েক বছর থেকেই এটা বলছে। কিন্তু আমি এখনো খেলে যাচ্ছি। চুক্তিও সই করছি।’ জানিয়েছেন পিএসজিকে বেছে নেওয়ার পেছনের কারণটাও নিখাদ ফুটবলীয়ই, ‘আমি প্যারিসকে বেছে নিয়েছি, কারণ আমি দেখছি তারা কী করতে চেষ্টা করছে। কেমন খেলোয়াড়দের তারা দলে আনছে। সামনের ১০, ১৫, ২০ বছরে তারা অনেক সাফল্য পাবে।’ এএফপি।</p>","['Sports', 'Entertainment', 'Discourse']",Commentary
8,"চট্টগ্রাম অফিসচট্টগ্রাম নগরীর মোগলটুলি এলাকায় পুকুর ভরাট করে বহুতল ভবন নির্মাণ করায় জানে আলম নামে এক ব্যক্তিকে ৩ লাখ টাকা জরিমানা করেছে পরিবেশ অধিদপ্তর। এছাড়া বায়েজিদ থানার কুলগাঁও এলাকায় ত্রুটিপূর্ণ ইটিপি ব্যবহার করে পরিবেশের ক্ষতি করায় ইনোভা টেক্সটাইল লিমিটেড একটি ওয়াশিং কারখানাকে ৮৬ হাজার ৪০০ টাকা জরিমানা করা হয়েছে। গতকাল বুধবার পরিবেশ অধিদপ্তর চট্টগ্রাম মহানগর কার্যালয়ের এক সংবাদ বিজ্ঞপ্তিতে এ তথ্য জানানো হয়।সংবাদ বিজ্ঞপ্তিতে বলা হয়, মোগলটুলি কর্মাস কলেজ রোডস্থ কাটা বট গাছ মোড়ে পরিবেশ ছাড়পত্র ছাড়া পুকুর ভরাট করে সামার এয়াকুব টাওয়ার নামে ১৪ তলা বিশিষ্ট বহুতল ভবন নির্মাণ করায় জানে আলম নামে এক ব্যক্তিকে ৩ লাখ টাকা জরিমানা করা হয়েছে। এছাড়া ত্রুটিপূর্ণ ইটিপি’র মাধ্যমে পরিবেশের জন্য ক্ষতিকর তরল বর্জ্য নিঃসরণ করায় বায়েজিদ থানার পূর্ব কুলগাঁও জালালাবাদ এলাকায় অবস্থিত ইনোভা টেক্সটাইল লিমিটেড নামক ওয়াশিং কারখানাকে ৮৬ হাজার ৪০০ টাকা জরিমানা করা হয়।","['Government actions', 'Environment', 'Business & Economy']",Straight
9,"হাইকোর্ট বলেছে, ‘মামলার তদন্ত কর্মকর্তা যে ভুল করেছেন, সেটা ইচ্ছাকৃত ও উদ্দেশ্যপ্রণোদিত হয়ে। এটা মারাত্মক অপরাধ। এ ধরনের ভুলের জন্য কি আমরা তাকে ছেড়ে দেব?’ ছোট ভাই হত্যা মামলায় ১২ বছর বয়সী বড় ভাইয়ের কাছ থেকে জোর করে স্বীকারোক্তি আদায়ের ঘটনায় বিচারপতি জাহাঙ্গীর হোসেন সেলিম ও বিচারপতি এম আতোয়ার রহমানের দ্বৈত বেঞ্চ গতকাল রবিবার এ মন্তব্য করে।১১ জুন একটি ইংরেজি দৈনিকে ‘বিয়ারিং দ্য আনবিয়ারেবল’ শিরোনামে প্রকাশিত প্রতিবেদন যুক্ত করে হাইকোর্টে রিট করেন সুপ্রিম কোর্টের পাঁচ আইনজীবী। রিটে বলা হয়, ২০১৫ সালের ২৫ আগস্ট ৮ বছরের শিশুর মরদেহ উদ্ধারের এক দিন পর সারিয়াকান্দি থানায় মামলা করেন তার বাবা মহিদুল। জিজ্ঞাসাবাদের কথা বলে ১২ বছরের বড় ছেলেকে নিয়ে যায়। পরে শিশুটিকে বগুড়ার সিনিয়র জুডিশিয়াল ম্যাজিস্ট্রেট আদালতে হাজির করলে স্বীকারোক্তিমূলক জবানবন্দি দেয় সে।দিনমজুর মহিদুলের অভিযোগ, খুনিরা প্রভাবশালী। প্রথম তদন্ত কর্মকর্তা তাদের কাছ থেকে সুবিধা নিয়ে ছোট ছেলেকে খুনের স্বীকারোক্তি দিতে বড় ছেলেকে বাধ্য করা হয়েছে। পরে অভিযোগপত্র দিলে তাতে নারাজি দেন তিনি। রাষ্ট্রপক্ষের আবেদনে ২০১৭ সালে পিবিআইকে মামলাটি তদন্তের দায়িত্ব দেয় আদালত।এই রিটের পরিপ্রেক্ষিতে হাইকোর্ট মামলার প্রথম তদন্ত কর্মকর্তা বর্তমানে সিআইডির পরিদর্শক নয়ন কুমারকে তলব করে। ঐ তলব আদেশে নয়ন কুমার গতকাল হাইকোর্টে হাজির হন এবং নিঃশর্ত ক্ষমা প্রার্থনা করেন। একই সঙ্গে লিখিত ব্যাখ্যা দাখিল করেন। তবে ঐ ক্ষমা প্রার্থনার আবেদনে অসন্তোষ প্রকাশ করে আদালত বলেছে, উনি কীভাবে ১৬৪ ধারায় স্বীকারোক্তি নিয়েছেন জিজ্ঞেস করেন।রাষ্ট্রপক্ষের আইনজীবী ডেপুটি অ্যাটর্নি জেনারেল সারওয়ার হোসেন বাপ্পী বলেন, রাষ্ট্রপক্ষের আবেদনে নারী ও শিশু আদালত পিবিআইকে মামলাটি অধিকতর তদন্ত করতে নির্দেশ দেয়। পিবিআই তদন্ত করার সময় দুজনকে গ্রেপ্তার করেছে। তারা নিজেদের জড়িয়ে স্বীকারোক্তি দিয়েছে। আদালত সন্তুষ্ট হলে ক্ষমা করে দিতে পারেন।এই পর্যায়ে হাইকোর্ট বলে, ‘উনি ভুল করলে আমরা কি ছেড়ে দেব?’ আইনজীবী বলেন, ‘সেটা আপনাদের বিবেচনার ওপর নির্ভর করছে। আদালত বলে, ‘এটা ভুল নয়, মারাত্মক অপরাধ, যেটা তিনি করেছেন। ১২ বছরের একটি শিশু স্বীকারোক্তি দিয়ে বলেছে, ‘আমি আমার ভাইকে মেরে ফেলেছি। এটা কি সম্ভব! ১২ বছরের একটি ছেলে ৮ বছরের একটি ছেলেকে মেরে ফেলবে? পিবিআইয়ের কাছে দুজন স্বীকার করেছে, তারা আট বছর বয়সী শিশুটিকে মেরেছে। তাহলে ১২ বছর বয়সী শিশুটির জবানবন্দি কীভাবে নিল এই তদন্ত কর্মকর্তা?’আইনজীবী বলেন, ঐ কর্মকর্তার বিরুদ্ধে বিভাগীয় ব্যবস্থা নেওয়ার কার্যক্রম শুরু হয়েছে। এরপর রিটের পক্ষে আইনজীবী মোহাম্মদ শিশির মনির শুনানি করেন। শুনানি শেষে ৬ সেপ্টেম্বর এই মামলার পরবর্তী শুনানি হবে। ঐ দিন নয়ন কুমারকে আদালতে হাজির থাকতে বলা হয়েছে। এদিকে গতকাল আদালতে পিবিআইয়ের তদন্ত কর্মকর্তা মো. মনসুর আলীও হাজির ছিলেন। তিনি আদালতের বিভিন্ন প্রশ্নের জবাব দেন।ইত্তেফাক/এসআই","['Crime', 'Government actions', 'Discourse']",Investigation
10,"<p>শরীরে হাজারো জটিল কাজকর্ম চলছে একই সময়ে। কে এর খবর রাখে। সবই হরমোনের কল্যাণে। শরীরের ভেতরে আছে অন্তক্ষরা গ্রন্থি, এগুলো নিঃসরণ করে হরমোন। এই রস এর উৎপত্তিস্থল থেকে দূরে দেহের অঙ্গের ওপর ক্রিয়া করে। খিদে বা পেশির গঠন— সবকিছুতে লাগে হরমোন। কৈশোরের বাড়তি ওজন হতে পারে হরমোনের অসুখের জন্য। কৈশোরের ব্রণ, নতুন মা হওয়া নারীর চুল উঠে যাওয়া, হঠাৎ ফোলা ভাব, মেয়েদের থুতনি বা ঠোঁটের ওপর ঘন লোম—এসব কারণের পেছনে রয়েছে হরমোন।</p><p>শরীরে অর্ধশত হরমোন আছে। এখানে ছয়টি হরমোন নিয়ে কিছু বলা হলো।</p>",['Health'],Commentary
11,"<p><strong>ইনসুলিন</strong></p><p>রক্তের শর্করা বা নিয়ন্ত্রণ করে এই হরমোন। আমরা শর্করা খেলে পরিপাক হয়, সব শেষে হয় গ্লুকোজ, এই গ্লুকোজ পরিপাক নল থেকে বেরিয়ে যায় রক্তে; আর সেখান থেকে ভ্রমণ করতে করতে যায় দেহের কোষে কোষে। কিন্তু কোষের দরজায় রয়েছে কড়া দ্বাররক্ষী এই ইনসুলিন। ইনসুলিন দ্বার খুলে দিলে তবেই গ্লুকোজ ঢুকতে পারে দেহের কোষে, এরপর হয় এর দহন; আর তখন তৈরি হয় শক্তি। এ–ই আমাদের কাজ করার শক্তি। ইনসুলিন আসে আমাদের অগ্ন্যাশয় থেকে, বিশেষ কোষ এটি নিঃসরণ করে। এর নাম বিটা সেল।</p><ul><li><p>এমন যদি হয়, শরীর পর্যাপ্ত ইনসুলিন তৈরি করতে পারল না অথবা শরীরের কোষ ইনসুলিনের প্রতি সাড়া দিল না, তখন শরীর এই গ্লুকোজ মোকাবিলা করতে পারে না। তখন রক্তে বাড়তে থাকে গ্লুকোজ আর এই রোগের নাম ডায়াবেটিস।</p></li><li><p>শিশুদের হয় টাইপ–১ ডায়াবেটিস। একেবারে ইনসুলিন নিঃসরণ হয় না, তখন অবশ্য বাঁচার জন্য দিতে হয় ইনসুলিন ইঞ্জেকশন।</p></li><li><p>টাইপ–২ ডায়াবেটিস হয় বড়দের, যাঁরা স্থূল। এঁদের ইনসুলিন তৈরি হয় কম; কিন্তু কাজে লাগে না, শরীর এর প্রতি সাড়া দেয় না। তখন চিকিৎসক জীবনশৈলীতে পরিবর্তন, ডায়েট, ওষুধ দিয়ে নিয়ন্ত্রণ করেন। মেনে চললে পূর্ণ জীবনযাপন সম্ভব।</p></li><li><p>একে অবহেলা করলে তৈরি হয় নানা জটিলতা। যেমন রক্তনালির ভেতরে চর্বির পলি পড়ে শক্ত হয়ে যায়। একে বলে এথারোস্ক্লেরসিস, হার্ট অ্যাটাক, স্ট্রোক, কিডনি বিকল, পায়ে হতে পারে গ্যাংগ্রিন, অন্ধত্ব, শরীরের রোগ প্রতিরোধ ক্ষমতা হয় খর্ব।</p></li></ul><p>তাই সব সময় ডাক্তারের পরামর্শ মেনে চলবেন।</p>",['Health'],Straight
12,"<p><strong>লেপটিন</strong></p><p>আমরা আহারের পর একসময় ‘আর নয় খাওয়া পেট হয়েছে ভরাট’ এমন সংকেত আসে লেপটিন থেকে। একে বলা হয় তৃপ্তি হরমোন। তাই খেতে থাকলে লেপটিন মান বাড়তে থাকে আর ক্ষুধা কমতে থাকে। ওজন হ্রাস আর দেহের চর্বির পেছনে ইচ্ছাশক্তি কম ভূমিকা রাখে না। ব্যাপারটি জিন আর হরমোন দুটি মিলেই। সুস্থ দেহে লেপটিন মগজকে বলে দেয়, দেহে আছে যথেষ্ট মেদ, খিদে কমল। খাই খাই থাকবে না। অনেক স্থূলদেহী লেপটিনে সাড়া দেয় না, মগজ তাই লেপটিনের সংকেত ব্যাখ্যা করতে পারে না; আর স্থূল লোকটি খেতেই থাকেন।</p><p>কী কারণ? অনেকে বলেন এর পেছনে আছে জিন, ডায়েট আর প্রদাহ। জিন বাগে আনা না গেলেও বাকি দুটি সামাল দেওয়া যায়। প্রদাহ হওয়ার কারণ ত্রুটিপূর্ণ খাবার আর চাপ। প্রক্রিয়া করা খাবার বাদ দিন, তবে প্রোটিন যথেষ্ট খাবেন। সেই সঙ্গে ব্যায়াম আর সুনিদ্রা দরকার।</p> <p><strong>গ্লুকাগন</strong></p><p>এটি হলো ইনসুলিনের বিরুদ্ধ হরমোন। ইনসুলিন রক্তের গ্লুকোজ কমিয়ে রাখতে চেষ্টা করে আর গ্লুকাগন চায় বাড়াতে। এই দুটি হরমোনের খেলায় স্থিতি থাকে রক্তের গ্লুকোজ। দুটিই নিঃসৃত হয় অগ্ন্যাশয় থেকে ক্রমে ভিন্ন কোষ থেকে, গ্লুকাগন নিঃসৃত হয় আলফা কোষ থেকে। অনেক সময় হাইপো হলে গ্লুকাগন এক ভরসা।</p>","['Health', 'Lifestyle']",Commentary
13,"<p><strong>কোর্টিসল</strong></p><p>অনেক সময় একে বলা হয় স্ট্রেস হরমোন, শারীরবৃত্তে এর অনেক ভূমিকা। খুব স্ট্রেস হলে রক্তের সুগার থাকে না সুস্থিত, কমে আসে তখন গ্লুকাগন একে বাড়াতে চেষ্টা করে আর সেই সঙ্গে কোর্টিসল। কোর্টিসল নিঃসৃত হয় এড্রিনাল গ্রন্থি থেকে; আর তখন শুরু হয় নব গ্লুকোজ জনন, বিজ্ঞানে বলে নিও গ্লুকো জিনেসিস। প্রোটিন থেকে তৈরি হয় গ্লুকোজ। স্ট্রেস হলে দরকার এনার্জি। এদিকে কোর্টিসল মেদ কোষকে নির্দেশ দেয় মেদ ভেঙে শক্তি জোগাতে। ক্ষণকালের জন্য কোর্টিসল ভরসা হলে, দীর্ঘদিনের মান বেড়ে হতে পারে নানা অসুখ।</p> <p><strong>ঘ্রেলিন</strong></p><p>একে ‘ক্ষুধা হরমোন’ও বলে। এই হরমোন বলে দেয় খিদে লেগেছে। শক্তি নিয়ন্ত্রণে এর অনেক অবদান। ঘ্রেলিন নিঃসৃত হলো। পাকস্থলি খালি, দেহ তৈরি হলো খাওয়ার জন্য।</p><p>এই লেপটিন আর ঘ্রেলিন দুটি কাজ করে সমন্বিতভাবে; আর দেহের ওজন ও এনার্জি থাকে ঠিকঠাক।</p> <p><strong>টেসটোস্টেরন</strong></p><p>টেসটোস্টেরনকে পুং হরমোন বলা হয়। পুং যৌন হরমোন। তবে উভয় লিঙ্গের জন্য আছে এর গুরুত্ব। অবশ্য পুরুষের ব্যবহার বেশি এই হরমোনের। যৌন কামনা, কাজকর্ম। পেশির গঠন, হাড়ের স্বাস্থ্য, পুরুষালি ভাব ও কেশ এই হরমোনের দ্বারা নিয়ন্ত্রিত হয়।</p><p>আমাদের হরমোনের ভারসাম্য ঠিক থাকলে অনেক কিছু ঠিক থাকে; আর যদি মনে হয় ঠিক নেই, তাহলে ডাক্তার আছেন, ভয় কী!</p>",['Health'],Commentary
14,"<p>রাজধানীর ইকবাল রোডের কলাকেন্দ্র প্রদর্শনী কক্ষের সাদা দেয়ালে সাটা আলোকচিত্র। সেটার মাঝে তুলিতে আঁকা হয়েছে নতুন কিছু। তাতে বদলে গেছে ছবিটির ভাষা। এভাবেই ইমেজ ম্যানিপুলেশন ও নানা মাধ্যমে তৈরি শিল্পকর্মে নিজের উপলব্ধির কথা তুলে ধরেছেন শিল্পী এ রহমান। কখনো ইমেজে একটু পরিবর্তন এনে, কখনো মডেলের আলোকচিত্র তুলে তাতে বিভিন্ন ধরনের পরিবর্তন এনে তৈরি করেছেন শিল্প সৃজনের আলাদা পথ।</p>","['Culture', 'Entertainment']",Straight
15,"<p class=""TEXT"">প্রথাগত ছাপচিত্রের গণ্ডি পেরিয়ে পারফরর্মিং অবস্থানের আলোকচিত্র, ফটো ম্যানিপুলেশন, কোলাজ, ড্রয়িং—এমন নানা মাধ্যমে তৈরি হয়েছে তাঁর চিত্রকর্ম। থিম প্রসঙ্গে শিল্পী বললেন, ‘আমরা প্রত্যেকেই বোঝা বহন করছি। এই ধরুন বিবেকও কিন্তু একধরনের বোঝা চাপিয়ে দেয় আমাদের জীবনে। আমরা বাধাগ্রস্ত হই। এভাবে প্রত্যেকেই কিন্তু কোনো না কোনো বোঝা বহন করছে। তবে সব বোঝা নেতিবাচক নয়।’</p>","['Culture', 'Discourse']",Commentary
16,"<p class=""TEXT"">গত শনিবার শুরু হওয়া প্রদর্শনীটি চলবে ২৭ জুলাই পর্যন্ত। ঘুরে আসা যাবে প্রতিদিন বিকেল পাঁচটা থেকে রাত আটটা পর্যন্ত।</p>","['Culture', 'Entertainment']",Straight
17," মক্কায় ক্রেন দুর্ঘটনার কারণ তদন্ত করে প্রকাশের ঘোষণা দিয়েছে সৌদি বাদশাহ সালমান।  শনিবারে দুর্ঘটনাস্থল পরিদর্শনে যান সৌদি বাদশাহ সালমান। হাসপাতালে গিয়ে আহতদের সঙ্গে তিনি দেখাও করেছেন।  এই দুর্ঘটনার বিষয়টি তদন্ত করে, তদন্তের ফলাফল প্রকাশ করা হবে বলে তিনি প্রতিশ্রুতি দিয়েছেন।  শুক্রবার মসজিদ আল-হারাম-এর উপরে শুক্রবার ক্রেন আছড়ে পড়ার ঘটনায় এখন পর্যন্ত অন্তত ১০৭জন নিহত এবং আরো অন্তত ২৩০ জন আহত হয়েছে।  তবে বলা হচ্ছে যে, ঘটনার পরপরই আতঙ্কিত মানুষের ছোটাছুটির কারণে পদপিষ্ট হয়ে এবং মসজিদের ভেতরে ছাদের ভগ্নাংশের নিচে চাপ পড়ে ঠিক কত মানুষ আহত হয়েছে তার প্রকৃত সংখ্যা এখনো নির্ণয় করা যায় নি। কর্তৃপক্ষ বলছে, ঝোড়ো হাওয়া ও প্রচণ্ড বৃষ্টির কারণে ক্রেনটি পতিত হয়েছিল।  বিবিসি সংবাদদাতারা জানিয়েছেন, সৌদি আরবের নির্মাণ খাতে নিরাপত্তা প্রসঙ্গে আগেও উদ্বেগ ছিল।  হজ্জ শুরু হবার মাত্র দুই সপ্তাহ বাকি আছে। তার মধ্যেই এই ঘটনা ঘটলো। এই মাসের শেষের দিকেই সারা দুনিয়ার ধর্মপ্রাণ মুসলিমদের একটি বিরাট অংশ মক্কায় হজ পালনের জন্য আসবেন।  কমপক্ষে ২০ লাখ লোক হজ করতে পারেন বলে ধারণা করা হচ্ছে। ","['International Affairs', 'Natual Disaster']",Straight
18,"<p>আফগানিস্তানের রাজধানী কাবুলের কেন্দ্রস্থলে ন্যাটো সদর দপ্তরের সামনে গতকাল শনিবার সকালে আত্মঘাতী গাড়িবোমা হামলায় কমপক্ষে সাত জন বেসামরিক আফগান নাগরিক নিহত হয়েছে। আহত হয়েছে আরও ৯১ জন। তালেবান এ হামলার দায়িত্ব স্বীকার করেছে।ওই এলাকায় প্রেসিডেন্ট প্রাসাদ এবং ভারত ও যুক্তরাষ্ট্রসহ বেশ কয়েকটি দেশের দূতাবাস অবস্থিত। ঘটনাস্থলের আকাশে কুণ্ডলী পাকিয়ে ধোঁয়া উড়তে দেখা গেছে।আফগানিস্তানের প্রেসিডেন্ট ও প্রাদেশিক পরিষদ নির্বাচনের কয়েক দিন আগে এ হামলা চালানো হলো। আগামী বৃহস্পতিবার নির্বাচন অনুষ্ঠিত হবে। এদিকে তালেবান নির্বাচন ভণ্ডুল করার হুমকি দিয়েছে।আফগান প্রতিরক্ষা মন্ত্রণালয়ের মুখপাত্র জেনারেল মোহাম্মদ জহির আজিমি ঘটনাস্থল থেকে বলেন, ইন্টারন্যাশনাল সিকিউরিটি অ্যাসিসট্যান্স ফোর্সের (আইএসএএফ) দপ্তরের প্রধান ফটকের ঠিক সামনে আত্মঘাতী গাড়িবোমা হামলাটি চালানো হয়।হামলার পরপরই পুলিশ ও অ্যাম্বুলেন্স দ্রুত ঘটনাস্থলে ছুটে যায়। আন্তর্জাতিক সেনারা গোটা এলাকা বন্ধ করে দেয়।এক প্রত্যক্ষদর্শী বলেন, হামলায় বেশ কয়েকটি গাড়ি ক্ষতিগ্রস্ত হয়েছে। এএফপি ও বিবিসি।</p>",['International Affairs'],Straight
19," রাজধানীতে গভীর রাতে অবৈধ ভাবে ভিআইপি প্রটোকল নিয়ে চলাচলাকারী ২৯টি গাড়ি মালিককে বিভিন্ন অংকের অর্থদণ্ড করেছে বিআরটিএ’র ভ্রাম্যমান আদালত। শনিবার রাতে রাজধানীর অভিজাত এলাকা গুলশান, বনানী ও বারিধারা এলাকায় এ অভিযান চালায় বিআরটিএ’র চারটি ভ্রাম্যমান আদালত।  অভিযানের কথা স্বীকার করে বাংলাদেশ রোড ট্রান্সপোর্ট অথরিটির (বিআরটিএ) পরিচালক (এনফোর্সমেন্ট) নাজমুল আহসান মজুমদার বলেন, প্রাধিকারবহির্ভূতভাবে ব্যক্তিগত যানবাহনে বিকন, সিগন্যাল লাইট ও হর্ন নিষিদ্ধ। শুধু মাত্র ট্রাফিক পুলিশ, ফায়ার সার্ভিস কর্মকর্তা ও ভিভিআইপি প্রটেশনের যানবাহনেই এটা ব্যবহার করতে পারে। কিন্তু তা সত্ত্বেও একটি প্রভাবশালী মহল এ আইনের তোয়াক্কা করেন না।  তিনি বলেন, নির্বাহী ম্যাজিস্ট্রেট জনাব মুহাম্মদ আব্দুস সালাম এর নেতৃত্বে একটি ভ্রাম্যমান আদালত গুলশান-১ এলাকায় অভিযান চালিয়ে নিষিদ্ধ হর্ন, এক্সটা লাইট এবং এক্সটা বাম্পার থাকার কারণে ১৭টি যানবাহনের মালিককে বিভিন্ন অংকের অর্থদণ্ড প্রদান করা হয়েছে।  গুলশান-২ এলাকায় নির্বাহী ম্যাজিস্ট্রেট মুনিবুর রহমানের নেতৃত্বে ভ্রাম্যমান আদালত অভিযান চালিয়ে ১০টি যানবাহনের মালিককে নিষিদ্ধ হর্ন থাকার কারণে বিভিন্ন অংকের অর্থদণ্ড আদায় পূর্বক হুকারগুলো জব্দ করা হয়েছে। এছাড়া গুলশান আজাদ মসজিদের সামনে নির্বাহী ম্যাজিস্ট্রেট মোসাম্মাৎ জোহরা খাতুনের নেতৃত্বে ভ্রাম্যমান আদালত নিষিদ্ধ হর্ন থাকার কারণে ২টি গাড়ির মালিককে অর্থদণ্ড প্রদান করে।  বিআরটিএ’র এ কর্মকর্তা আরো বলেন, এরা এতোটাই প্রভাশালী যে অভিযানের সময় তাকের হুকারে দায়িত্বরত পুলিশ সদস্যরা রিতিমত হিমশিম খাচ্ছিলেন। তিনি বলেন, ব্যক্তিগত যানবাহনে অননুমোদিত বিকন, সিগন্যাল লাইট ব্যবহারের বিরুদ্ধে বিআরটিএ’র ভ্রাম্যমান আদালত পরিচালনা অব্যাহত রয়েছে।  ইত্তেফাক/এমআই ","['Government actions', 'Politics']",Straight
20,"<p>নরসিংদীতে রযাবের সঙ্গে ‘বন্দুকযুদ্ধে’ ছয়জন নিহত হয়েছেন। আহত হয়েছেন রযাবের দুই সদস্যসহ পাঁচজন। নিহতরা সবাই ছিনতাইকারী বলে দাবি করেছে রযাব। আহতদের নরসিংদী সদর হাসপাতালে ভর্তি করা হয়েছে।আজ সোমবার বেলা পৌনে তিনটার দিকে নরসিংদী সদর উপজেলার নরসিংদী-মদনগঞ্জ সড়কের খাটেহারা নামক স্থানে এই বন্দুকযুদ্ধের ঘটনা ঘটে। এ সময় রযাব তিনটি পিস্তল, একটি কাটা বন্ধুক, তিনটি গুলি ও ৪০ হাজার টাকা উদ্ধার করে।আহত ব্যক্তিরা হলেন রায়পুরা উপজেলার পিরিচকান্দি গ্রামের অমর বিশ্বাস (৩৫), সদর উপজেলার বিলাসদী এলাকার শাওন মিয়া (২৫), শিবপুর উপজেলার কুমরাদি গ্রামের মাছুম মিয়া (২৮), রযাব-১১-এর নরসিংদী ক্যাম্পের শহীদুল ইসলাম (৪০) ও সাইফুল ইসলাম (৪০)।রযাব-১১-এর নরসিংদী ক্যাম্পের কোম্পানি কমান্ডার খন্দকার গোলাম সারোয়ার জানান, এক ব্যবসায়ী রযাবের কাছে অভিযোগ করে একদল ছিনতাইকারী তাঁর কাছ থেকে ৪০ হাজার টাকা ছিনতাই করে নরসিংদী-মদনগঞ্জ সড়ক দিয়ে একটি সাদা মাইক্রোবাস নিয়ে যাচ্ছে। এ সময় রযাব গাড়ি ছিনতাইকারীদের পিছু নেয়। খাটেহারা নামক স্থানে গিয়ে ছিনতাইকারীদের মাইক্রোবাসটিকে আটকানোর চেষ্টা করলে ছিনতাইকারীরা রযাবকে লক্ষ্য করে গুলি ছোড়ে। এতে রযাবও পাল্টা গুলি ছুড়লে উভয়ের মধ্যে গুলিবিনিময় হয়। একপর্যায়ে ছিনতাইকারীরা মাইক্রোবাস থেকে নেমে সড়কের নিচুস্থানে গিয়ে গুলি ছুড়তে থাকে। প্রায় আধা ঘণ্টা গুলিবিনিময়ে ছয় ছিনতাইকারী নিহত এবং রযাবের দুই সদস্যসহ পাঁচজন আহত হয়েছেন। নিহতদের লাশ ময়নাতদন্তের জন্য সদর হাসপাতাল পাঠানো হয়েছে।খবর পেয়ে নরসিংদীর পুলিশ সুপার মহিদ উদ্দিন ঘটনাস্থল পরিদর্শন করেন।</p>","['Crime', 'Discourse']",Straight
21," অমর একুশে বইমেলায় প্রকাশিত হয়েছে তানজিল রিমনের গল্পগ্রন্থ ‘মোটকু মামার অভিযানে বিল্টুর বন্ধুরা’। বইটি প্রকাশ করেছে সাহস পাবলিকেশন্স। প্রচ্ছদ ও অলংকরণ করেছেন লেখক নিজেই।  বইটিতে শিশু-কিশোরদের জন্য ভিন্ন ধরনের মোট ছয়টি ছোটগল্প রয়েছে। এসব হলো- পড়াগুলো হারিয়ে যায় বইয়ের পাতার ভাঁজে ভাঁজে, পিকলুর অ্যাকুরিয়াম, ভয়ংকর ভয়, ঝুমা কাজল ও মিনির গল্প, ভূত গবেষণা ইনস্টিটিউট এবং মোটকু মামার অভিযানে বিল্টুর বন্ধুরা।  ‘মোটকু মামার অভিযানে বিল্টুর বন্ধুরা’ লেখকের প্রথম গল্পগ্রন্থ। বইটির মূল্য রাখা হয়েছে ১৩৫ টাকা। পাওয়া যাচ্ছে মেলায় সাহস পাবলিকেশন্সের ৩৭৫ নম্বর স্টলে।  ‘মোটকু মামার অভিযানে বিল্টুর বন্ধুরা’ বইটি ছাড়াও মেলায় পাওয়া যাচ্ছে লেখকের আরও তিনটি বই। এগুলো হলো শিশুতোষ রচনা ‘তোমার সঙ্গে আড়ি’, কিশোর উপন্যাস ‘আমাদের ক্লাস ক্যাপটেন’ ও ছড়া-কবিতার ‘এক তালি ভাই বল্টু’। বইগুলো যথাক্রমে ২০১৫, ২০১৩ ও ২০১২ সালের বইমেলায় প্রকাশিত হয়। এর মধ্যে ২০১৩ সালে প্রকাশিত লেখকের ‘আমাদের ক্লাস ক্যাপটেন’ বইটি ব্যাপক সাড়া জাগায় এবং মেলায় প্রথম সংস্করণ শেষ হয়ে যায়। এখন এর দ্বিতীয় সংস্করণ পাওয়া যাচ্ছে।","['Entertainment', 'Culture', 'Education']",Straight
22,"কালীগঞ্জে বিয়ের প্রস্তাব প্রত্যাখ্যান করায় মারধরের শিকার জেসমিন আক্তার রিপা (২৩) বিষপানের পাঁচ মাস পর শনিবার চিকিত্সাধীন অবস্থায় মারা গেছেন। রিপা উপজেলার মোক্তারপুর ইউনিয়নের বড়গাঁও গ্রামের মো. রফিকুল ইসলামের মেয়ে। নিহতের খালা রুনা বেগম জানান, রিপার বাবা একজন দিনমজুর। দুই মেয়ে এক ছেলের মধ্যে রিপা মেজো। দীর্ঘদিন ঐ এলাকার সন্ত্রাসী বিল্লাল ফরাজী বিয়ের জন্য রিপাকে উত্ত্যক্ত করছিল। ২০১৯ সালের ১৪ আগস্ট রিপার অন্যত্র বিয়ে ঠিক হয়। বিয়ের খবর জানতে পেরে বিল্লাল ফরাজী ১০ আগস্ট রিপাকে বিয়ের প্রস্তাব দেয়। তার প্রস্তাব প্রত্যাখ্যান করলে বিল্লাল ফরাজী রিপাকে বেধড়ক মারধর করে। রিপা বিষয়টি তার বাবা-মাকে জানায়। পরিবারের লোকজন ঘটনাটি স্থানীয় মেম্বার ও বিল্লালের চাচা হেকিম ফরাজী মেম্বারকে জানালে বিল্লাল আরো ক্ষিপ্ত হয়ে ওঠে। বিল্লাল ফরাজী রাতে জেসমিনের মায়ের মোবাইলে ফোন দিয়ে অশ্লীল কথাবার্তা এবং হত্যাসহ বিভিন্ন ভয়ভীতি দেখায়। তার মা লাউড স্পিকারের মোবাইলে কথা বলায় জেসমিন সব শুনতে পায়। অপমান সইতে না পেরে সে ঘরে গিয়ে লিচু গাছে দেওয়ার জন্য এনে রাখা বিষ পান করে। ঢামেকে দেড় মাস চিকিত্সা শেষে আর্থিক সংকটে পড়ে প্রায় দুই মাস আগে তাকে বাড়িতে নিয়ে আসে। বাড়িতে তাকে কৃত্রিমভাবে খাবার দিয়ে চিকিত্সা করানো হতো। নিহত রিপার মা নুরজাহান আক্তার জানান, রিপার চার বছর আগে কাপাসিয়া এলাকার এক প্রবাসীর সঙ্গে বিয়ে হয়। বিয়ের আট মাসের মাথায় তাদের সংসার ভেঙে যায়। রিপা তার মেয়ে নুহাকে নিয়ে বাপের বাড়ি কালীগঞ্জে বসবাস করেন। রিপাকে মারধরের পর স্থানীয়দের কাছে বিচার না পেয়ে তিনি বাদী হয়ে গত বছর ১৭ সেপ্টেম্বর বিল্লাল ফরাজী তার চাচা হেকিম ফরাজী মেম্বারসহ সাত জনকে আসামি করে কালীগঞ্জ থানায় মামলা করেন। মামলার পর সন্ত্রাসী বিল্লাল ফরাজী দেশ ত্যাগ করে। অন্যরা উচ্চ আদালত থেকে জামিন নিয়ে বেরিয়ে এসে রিপার পরিবারকে অব্যাহতভাবে হুমকি প্রদান করছে। স্থানীয় মেম্বার আব্দুল হেকিম ফরাজী বলেন, বিল্লাল ফরাজী খারাপ প্রকৃতির লোক। জেসমিন তার বিয়ের প্রস্তাব প্রত্যাখ্যান করায় বিল্লাল তাকে মারধর করে। পরে সে ঐ পরিবারকে ভয়ভীতি দেখালে জেসমিন বিষপান করে।উল্লেখ্য, ৩১ জুলাই বিল্লাল ফরাজী পঞ্চম শ্রেণির এক শিক্ষার্থীকে ধর্ষণের চেষ্টা করে। বিষয়টি বিল্লালের পরিবারকে জানালে নির্যাতনের শিকার ঐ শিক্ষার্থীর মা-বাবাকে সে মারধর করার অভিযোগও রয়েছে। বিল্লাল ফরাজী প্রভাবশালী হওয়ায় ভয়ে তার বিরুদ্ধে কেউ মুখ খুলে না। এছাড়া বড়গাঁও এলাকার আলোচিত যুবলীগ কর্মী মামুন হত্যা মামলার এজাহারভুক্ত আসামি তিনি।","['Crime', 'Discourse']",Investigative
23,"<p>রাজধানীর হাজারীবাগ থেকে চামড়াশিল্প সরিয়ে নেওয়ার সিদ্ধান্তের পেছনে সবচেয়ে বড় যে তাগিদ ছিল, তা বুড়িগঙ্গা নদীকে ওই শিল্পের দূষণ থেকে নিষ্কৃতি দেওয়া এবং হাজারীবাগ ও তার আশপাশের এলাকায় যে বিপুল জনগোষ্ঠীর বসবাস, তাদের দূষণজনিত স্বাস্থ্যঝুঁকি দূর করা। এখন দেখা যাচ্ছে, এই শিল্প স্থানান্তরের সঙ্গে সঙ্গে দূষণও স্থানান্তরিত হচ্ছে। সংবাদমাধ্যমে একাধিকবার খবর বেরিয়েছে, সাভারের হেমায়েতপুর এলাকায় যে নতুন চামড়াশিল্পপল্লি গড়ে তোলা হচ্ছে, সেটি পার্শ্ববর্তী ধলেশ্বরী নদীর জন্য একই বিপদ সৃষ্টি করেছে। কারণ, সেখানে বর্জ্য ব্যবস্থাপনা বস্তুত কিছু নেই। চামড়া প্রক্রিয়াকরণের ফলে উৎপন্ন বর্জ্য পরিশোধন না করেই আশপাশের নালা-ডোবা ও নদীর ধারে ফেলা হচ্ছে। ডাম্পিং ইয়ার্ড উপচে বর্জ্য গিয়ে পড়ছে ধলেশ্বরী নদীতে; ইতিমধ্যে ধলেশ্বরীর তীরে তিনটি বড় নালার সৃষ্টি হয়েছে। পশুচামড়ার ঝিল্লি পচে উৎকট দুর্গন্ধ বাতাসে ছড়িয়ে পড়ছে। ধলেশ্বরী নদীর দূষণের ফলে মাছ মরে ভেসে ওঠার খবরও পাওয়া যাচ্ছে।</p>","['Discourse', 'Environment']",Commentary
24,"<p class=""TEXT"">সাভারের হেমায়েতপুর এলাকার প্রাকৃতিক পরিবেশে এই বিপর্যয় সৃষ্টি হয়েছে হাজারীবাগ থেকে সব চামড়া কারখানা সেখানে স্থানান্তরিত হওয়ার আগেই। ২০০৩ সালে হাজারীবাগ থেকে হেমায়েতপুরে চামড়াশিল্প স্থানান্তরের সিদ্ধান্ত নেওয়ার পর থেকে গত দেড় দশকে সেখানে শতাধিক কারখানা স্থানান্তর করা হয়েছে। এই সময়ের মধ্যে কারখানা স্থানান্তরের জন্য তাগিদ দেওয়া হয়েছে ১১ বার। তারপরও সব কারখানা সেখানে স্থানান্তর করা হয়নি। অর্থাৎ চামড়াশিল্পের দূষণ থেকে হাজারীবাগ ও বুড়িগঙ্গা নদী তো মুক্তি পায়ইনি, উপরন্তু সাভারের হেমায়েতপুর ও ধলেশ্বরী পড়েছে নতুন দূষণের কবলে।</p>","['Science & Environment', 'Government actions']",Commentary
25,"<p class=""TEXT"">হেমায়েতপুরে নতুন চামড়াশিল্পপল্লি গড়ে তোলার পরিকল্পনায় বর্জ্য পরিশোষণ ও নিষ্কাশনের যে শর্তগুলো রয়েছে, সেগুলো মানা হচ্ছে না। কারখানাগুলোর নিজ নিজ অপরিশোধিত বর্জ্য স্ক্রিনিং ও কেন্দ্রীয় বর্জ্য শোধনাগারে সেগুলো পরিশোধন ও নিষ্কাশনের ব্যবস্থা এখনো গড়ে তোলা হয়নি। কঠিন ও তরল বর্জ্য পৃথক্‌করণের কারিগরি ব্যবস্থা নেই। চামড়া প্রক্রিয়াকরণ শিল্পে প্রাকৃতিক পরিবেশের জন্য অতিমাত্রায় ক্ষতিকর বর্জ্য উৎপন্ন হয়; সেগুলো যথাযথভাবে পরিশোধন ও নিষ্কাশন নিশ্চিত করা না হলে আশপাশের পরিবেশে বিপর্যয় নেমে আসতে পারে।</p>","['Science & Environment', 'Government actions', 'Business & Economy']",Commentary
26,"<p class=""TEXT"">হেয়ায়েতপুরের চামড়াশিল্পপল্লিতে কেন্দ্রীয় বর্জ্য শোধনাগার (সিইটিপি) চালু না করার ফলে শুধু যে প্রাকৃতিক পরিবেশের ক্ষতি বাড়ছে, তা নয়, খোদ চামড়াশিল্পের ওপরও এর নেতিবাচক প্রভাব পড়ছে। বাংলাদেশ থেকে চামড়াজাত পণ্যের রপ্তানি কমে যাচ্ছে। এশিয়া ফাউন্ডেশন ও পলিসি ইন্টিগ্রেশন ফর ডেভেলপমেন্টের (র‍্যাপিড) এক সমীক্ষায় বলা হয়েছে, ২০১৬-১৭ অর্থবছরে চামড়া খাতের রপ্তানি আয় ছিল ১২৩ কোটি ৪০ লাখ মার্কিন ডলার। পরের বছর তা কমে ১০৮ কোটি ৫০ লাখ ডলারে নেমে আসে। আর চলতি অর্থবছরের প্রথম ৯ মাসে রপ্তানি আয় হয়েছে মাত্র ৭৭ কোটি ডলার।</p>","['Business & Economy', 'Government actions', 'Health', 'Discourse']",Commentary
27,"<p class=""TEXT"">আমাদের চামড়াজাত পণ্যের রপ্তানি এভাবে কমে যাওয়ার প্রধান কারণ, এই খাত যথেষ্ট কমপ্লায়েন্স অর্জন করতে পারেনি। কমপ্লায়েন্স সমস্যার কারণে আমাদের চামড়াশিল্প লেদার ওয়ার্কিং গ্রুপ নামের বৈশ্বিক সংগঠনের মানসনদ অর্জন করতে পারেনি। এর অন্যতম বড় কারণ চামড়াশিল্পপল্লির সিইটিপি কার্যকর নয়। সম্প্রতি এক সেমিনারে শিল্পপতি সৈয়দ মঞ্জুর এলাহী মন্তব্য করেছেন, ‘আমাদের চামড়া খাতের জন্য প্রথম কাজ হওয়া উচিত সিইটিপি কার্যকর করা।’ শুধু চামড়াজাত পণ্যের রপ্তানি কমে যাওয়া ঠেকানোর জন্য নয়, ধলেশ্বরী নদীসহ আশপাশের প্রাকৃতিক পরিবেশের দূষণ এড়ানোর প্রয়োজনে চামড়াশিল্পের বর্জ্য পরিশোধনের কেন্দ্রীয় ব্যবস্থাটি কার্যকর করা একান্ত জরুরি। এ ব্যাপারে আর কালক্ষেপণের সুযোগ নেই।</p>","['Business & Economy', 'Science & Environment']",Commentary
28,"মুন্সীগঞ্জ টঙ্গীবাড়ী উপজেলার কাঠাদিয়া শিমুলিয়া ইউনিয়ন ভূমি কার্যালয়ের সহকারী কর্মকর্তা মো. শাহ আলম (৫৭) করোনাভাইরাসে আক্রান্ত হয়ে মারা গেছেন।শুক্রবার ভোরে ঢাকা মেডিকেল কলেজ হাসপাতালে চিকিৎসাধীন অবস্থায় তিনি মারা যান।শাহ আলম মুন্সীগঞ্জ সদর উপজেলার দেওভোগ মাদবর বাড়ির মৃত আবদুর রহমানের ছেলে। মৃত্যুকালে তিনি স্ত্রী, এক পুত্র ও দুই কন্যা সন্তানসহ অসংখ্য গুণগ্রাহী রেখে গেছেন।গত ১৫ দিন আগে শরীরে জ্বর, গলাব্যথা ও কাশি দেখা দিলে করোনা পরীক্ষা করেন। পরীক্ষায় তার শরীরে করোনা পজিটিভ ধরা পরে। সেই থেকে তিনি চিকিৎসাধীন ছিলেন।তার মৃত্যুতে উপজেলা পরিষদের চেয়ারম্যান জগলুল হালদার ভুতু, উপজেলা নির্বাহী কর্মকর্তা মোসাম্মৎ হাসিনা আক্তার, উপজেলা সহকারী কমিশনার ভূমি উছেন মে গভীর শোক প্রকাশ করেন।",['Health'],Straight
29,মানবতাবিরোধী অপরাধে ফাঁসির দণ্ডপ্রাপ্ত জামায়াত নেতা কামারুজ্জামানকে শেরপুরের বাজিতখিলা এলাকার নিজগ্রামে প্রতিষ্ঠিত এতিমখানার পাশে দাফন করা হবে।গত বুধবার বিকালে বাজিতখিলা মুদিপাড়া এলাকায় এতিমখানার পশ্চিম পাশে একটি ধানক্ষেতের কাঁচা ধানগাছ কেটে সেখানে ট্রাকে করে মাটি ফেলে ভরাট করা হয়েছে।কামারুজ্জামানের ছোট ভাই মো. কফিল উদ্দিন ও পরিবারের লোকজন সেখানে উপস্থিত থেকে কবরস্থান তৈরি করার কাজ তদারক করেন।কামারজ্জামানের ইচ্ছা ছিল মৃত্যুর পর লাশ তার প্রতিষ্ঠিত এতিমখানার পাশে যেন দাফন করা হয়। ইচ্ছা অনুযায়ী লাশ দাফনের জন্য পারিবারিকভাবে প্রস্তুতি নেয়া হয়েছে।,"['Crime', 'Discourse']",Straight
30,"<p>তারাশঙ্কর বন্দ্যোপাধ্যায়ের উপন্যাস কবি অবলম্বনে অরিন্দম নাট্য সমপ্রদায়ের ২৯তম নতুন প্রযোজনা কবি নাটকটির প্রদর্শনী হবে ৭ ডিসেম্বর, শুক্রবার সন্ধ্যা সাড়ে ছয়টায় চট্টগ্রাম শিল্পকলা একাডেমী মিলনায়তনে। নাটকের টিকিট প্রদর্শনীর আগে মিলনায়তনে পাওয়া যাবে। বিজ্ঞপ্তি।</p>","['Entertainment', 'Culture']",Straight
31,"বাংলাদেশ রফতানি প্রক্রিয়াকরণ এলাকা কর্তৃপক্ষের (বেপজা) নির্বাহী দফতরের সাবেক মহাব্যবস্থাপক (জনসংযোগ) আখতার হামিদ মনসুর (৬৮) সোমবার সকালে নিজ বাসভবনে ইন্তেকাল করেন (ইন্নালিল্লাহি ... রাজিউন)। তিনি পারকিনসন্স রোগে ভুগছিলেন। তিনি স্ত্রী ও এক কন্যা রেখে গেছেন। তাকে মিরপুর শহীদ বুদ্ধিজীবী কবরস্থানে দাফন করা হয়েছে। তিনি বিভিন্ন পত্রিকা, বাংলাদেশ বেতার ও টেলিভিশনের বার্তা বিভাগে কাজ করেছেন। শুক্রবার বাদ আসর, ২০/৭ বাবর রোড, ব্লক-বি, মোহাম্মদপুরে তার স্মরণে দোয়া মাহফিল অনুষ্ঠিত হবে। সংবাদ বিজ্ঞপ্তি। ",['Discourse'],Straight
32, টানা তিন ম্যাচ ড্রয়ের পর অবশেষে জয়ের স্বাদ পেল ম্যানচেস্টার ইউনাইটেড। রবিবার ওল্ড ট্র্যাফোর্ডে টটেনহামের বিপক্ষে ১-০ গোলের জয় পায় রেড ডেভিলসরা। হেনরিক মিখতারিয়ানের প্রথম প্রিমিয়ার লিগ গোলেই জয় নিশ্চিত হয়ে যায় ইউনাইটেডের জয়।এদিন শুরু থেকে আক্রমণ চালালেও গোলের জন্য ২৯ মিনিট পর্যন্ত অপেক্ষা করতে হয় মরিনহো শিষ্যদের।  প্রতিপক্ষের ছোট ভুলের সুযোগ কাজে লাগিয়ে এগিয়ে যায় ম্যাঞ্চেস্টার। মাঝমাঠে হ্যারি কেনের ভুল পাস ধরে এররেরা বল বাড়ান মিখিতারিয়ানকে। আর্মেনিয়ার এই অ্যাটাকিং মিডফিল্ডার ডান দিক দিয়ে ডি’বক্সে ঢুকে উঁচু কোনাকুনি শটে গোলটি করে দলকে এগিয়ে দেন।  এদিন কোনো গোল করতে না পারায় মাইলফলক স্পর্শ করা হয়নি ইংলিশ তারকা ওয়েন রুনির। আর এক গোল করলেই ম্যানইউর হয়ে ববি চার্লটনের করা ২৪৯ গোলের রেকর্ড স্পর্শ করবেন রুনি। গোল ডটকম  ইত্তেফাক/এমএইচ,['Sports'],Straight
33,<p><strong>এমার পরিবেশবান্ধব পথে অ্যানা</strong><br />পশ্চিমে পরিবেশবান্ধব পোশাকের চল তুমুলে উঠছে। কিছুদিন আগেই বিউটি অ্যান্ড দ্য বিস্ট সিনেমার লাল-সাদা গাউন নিয়ে আবার আলোচনায় এসেছিলেন এমা ওয়াটসন। কেলভিন ক্লেইনের প্লাস্টিকের বোতলে তৈরি ডেনিমে শিরোনাম হয়েছিলেন ফেরেল উইলিয়ামসও। এবার রেড কার্পেটে পরিবেশবান্ধব পোশাকে দেখা গেল আরেক হলিউড তারকা অ্যানা হাথওয়েকে। কলোজাল সিনেমার প্রচারণার জন্য রেড কার্পেটের পোশাক হিসেবে তিনি বেছে নিয়েছেন আরমানির তৈরি একটি কালো গাউন। কসমোপলিটন</p>,"['Lifestyle', 'Entertainment']",Straight
34,"<p><strong>ক্যাপ্রি আবারও</strong><br />সেই সত্তরের ক্যাপ্রি ফিরছে আবারও। তবে লম্বায় একটু বড় হয়ে। অন্তত সুপারমডেল গিগি হাদিদ এ নিয়ে বিন্দুমাত্র সংশয় রাখছেন না। শুধু তিনিই নন; অভিনেত্রী দিয়ানে ক্রুগার, সোফিয়া ভারগারাকেও দেখা গেল ক্যাপ্রি জিন্সে। ই-অনলাইন</p>","['Lifestyle', 'Entertainment']",Commentary
35,<p><strong>শহিদের প্রথম প্রচ্ছদ</strong><br />সব পত্রিকায় নয় অবশ্যই। বিয়ে নিয়ে করা কোনো ম্যাগাজিনের প্রচ্ছদে এই প্রথম এলেন বলিউডের অভিনেতা শহিদ কাপুর। হার্পারস বাজার ম্যাগাজিনের প্রচ্ছদে পোশাকের চাইতে শহিদের চুলের কোয়ার্ক স্টাইল সুনাম কুড়াচ্ছে বেশি।<br />হার্পারস বাজার</p>,['Entertainment'],Straight
36,<p><strong>গ্রন্থনা: খাদিজা ফাল্গুনী</strong></p>,['Discourse'],Straight
37,"<p>পুঁজিবাজারের বর্তমান অবস্থার জন্য নিয়ন্ত্রক সংস্থা সিকিউরিটিজ অ্যান্ড এক্সচেঞ্জ কমিশনের (এসইসি) চেয়ারম্যান জিয়াউল হক খোন্দকারকে তিরস্কার করেছেন হাইকোর্ট। আদালত বলেছেন, অন্য দেশে হলে এই পদে থাকা ব্যক্তি দায়িত্ব ছেড়ে দিতেন।নিবন্ধন স্থগিতসংক্রান্ত এসইসির আদেশের বৈধতা চ্যালেঞ্জ করে পাঁচটি ব্রোকারেজ হাউসের করা পৃথক রিটের শুনানিতে আজ সোমবার বিচারপতি এ এইচ এম শামসুদ্দিন চৌধুরী ও বিচারপতি শেখ মো. জাকির হোসেনের সমন্বয়ে গঠিত হাইকোর্ট বেঞ্চ এ মন্তব্য করেন। এ ছাড়া শেয়ারবাজার ঘিরে চলমান ঘটনা রাষ্ট্র ও সরকারের বিরুদ্ধে ষড়যন্ত্র বলে মন্তব্য করেন আদালত। রিটের ওপর শুনানি শেষ হয়েছে। কাল এ বিষয়ে আদেশ দেওয়ার কথা রয়েছে। এর আগে ২৩ জানুয়ারি এসইসি ছয়টি ব্রোকারেজ হাউসের লেনদেন স্থগিত করে। পাঁচটি প্রতিষ্ঠানের পক্ষে পৃথক রিট করা হয়। লেনদেন স্থগিতের আদেশে বাংলাদেশ সরকারের প্রতীক ব্যবহার করার বিষয়টি আদালতের নজরে আনা হয়। এর পরিপ্রেক্ষিতে আজ বেলা তিনটায় আদালত এসইসির চেয়ারম্যানকে এ বিষয়ে ব্যাখ্যা দিতে হাজির হতে বলেন।আদালতের নির্দেশ অনুসারে সোয়া তিনটার দিকে আদালতে হাজির হন এসইসির চেয়ারম্যান। আদালত তাঁকে এজলাসের ডান পাশে দাঁড়ানোর নির্দেশ দেন। জানতে চাওয়া হয়, এসইসি সরকারি বিভাগ কি না। রাষ্ট্রীয় প্রতীক (লোগো) ব্যবহার করতে পারে কি না। জবাবে প্রথমে চেয়ারম্যান সরকারি বিভাগ বললেও পরে বলেন, এটা বিধিবদ্ধ সংস্থা। একপর্যায়ে তিনি ভুল স্বীকার করে বলেন, ‘আমার ভুল হয়েছে।’আদালত বলেন, ‘ওপরে লেখা আছে (এসইসির নোটিশে) গণপ্রজাতন্ত্রী বাংলাদেশ সরকার। উনি মাস্টার ডিগ্রিধারী। এটা সাধারণ জ্ঞানের ব্যাপার। প্রায় এক মাস ধরে শেয়ারবাজার নিয়ে যে টালমাটাল অবস্থা চলছে, অন্য কোনো দেশ হলে এর প্রধান পদত্যাগ করতেন।’ আদালত মন্তব্য করে বলেন, ‘এটা রাষ্ট্র ও সরকারের বিরুদ্ধে ষড়যন্ত্র। যিনি বিধিবদ্ধ সংস্থা ও সরকারি সংস্থার মধ্যে পার্থক্য বুঝতে পারেন না, তিনি কী করে এ পরিস্থিতি সামলাবেন! এটা তো সাধারণ জ্ঞানের ব্যাপার। দীর্ঘদিনের অভিজ্ঞতার পরও তিনি কমনসেন্স (সাধারণ জ্ঞান) অর্জন করতে পারেননি।’ আদালত মন্তব্য করেন, তাঁর দক্ষতার অভাব রয়েছে।একপর্যায়ে আদালত এক দিনের মধ্যে এসইসির লেটার হেডে থাকা রাষ্ট্রীয় প্রতীক ব্যবহারের বিষয়টি সংশোধন করার নির্দেশ দেন। অন্যথায় বিষয়টি ফৌজদারি অপরাধ হিসেবে গণ্য করে পুলিশের মহাপরিদর্শকের (আইজিপি) কাছে পাঠানোর কথা জানান আদালত। জানা যায়, ২৩ জানুয়ারি এসইসি ছয়টি ব্রোকারেজ হাউসের লেনদেন কার্যক্রম ৩০ দিনের জন্য স্থগিত করে। এগুলো হলো: আইআইডিসি সিকিউরিটিজ লিমিটেড, পিএফআই সিকিউরিটিজ, অ্যালায়েন্স সিকিউরিটিজ অ্যান্ড ম্যানেজমেন্ট, এনসিসি ব্যাংক, আল-আরাফাহ ইসলামী ব্যাংক ও ঢাকা ব্যাংক। এর বৈধতা চ্যালেঞ্জ করে এনসিসি ব্যাংক ছাড়া পাঁচটি প্রতিষ্ঠানের পক্ষে পৃথক রিট করা হয়।আদালতে রিট আবেদনকারীর পক্ষে আইনজীবী এম জহির ও রোকনউদ্দিন মাহমুদ শুনানিতে অংশ নেন। রাষ্ট্রপক্ষে ছিলেন অ্যাটর্নি জেনারেল মাহবুবে আলম, অতিরিক্ত অ্যাটর্নি জেনারেল মুরাদ রেজা ও ডেপুটি অ্যাটর্নি জেনারেল এ বি এম আলতাফ হোসেন। বিকেল পাঁচটা পর্যন্ত আদালতকক্ষে উপস্থিত ছিলেন এসইসির চেয়ারম্যান।</p>","['Government actions', 'Business & Economy', 'Discourse']",Commentary
38,"<p>টাঙ্গাইলের ভূঞাপুরে আওয়ামী লীগের এক নেতার বাড়িতে হামলার অভিযোগে দায়ের করা মামলায় সাবেক মন্ত্রী ও বিএনপির ভাইস চেয়ারম্যান আবদুস সালাম পিন্টুর জামিনের আবেদন নামঞ্জুর করে তাঁকে জেলহাজতে পাঠানোর নির্দেশ দেওয়া হয়েছে। গতকাল বৃহস্পতিবার টাঙ্গাইলের জ্যেষ্ঠ বিচারিক হাকিম শিউলী রানী দাস এ নির্দেশ দেন।২০০৪ সালের ২১ আগস্ট আওয়ামী লীগের সমাবেশে গ্রেনেড হামলার মামলায় ঢাকা কেন্দ্রীয় কারাগারে আটক আবদুস সালামকে আওয়ামী লীগ নেতার ওই মামলায় আদালতে হাজির করার জন্য গতকাল টাঙ্গাইলে আনা হয়। সকালে কঠোর নিরাপত্তার মধ্যে তাঁকে আদালতে হাজির করা হয়। এ সময় আদালত চত্বরে আবদুস সালামের অনুসারী নেতা-কর্মীরা তাঁর মুক্তির দাবিতে স্লোগান দেন। আদালত মামলার পরবর্তী তারিখ ২৫ আগস্ট ধার্য করেছেন। আওয়ামী লীগের ভূঞাপুরের নেতা জাহিদুল ইসলাম ভূঁইয়া গত বছরের ১৩ অক্টোবর ভূঞাপুর থানায় আবদুস সালামকে প্রধান আসামি করে একটি মামলা দায়ের করেন। মামলায় অভিযোগ করা হয়, ২০০১ সালের ১ অক্টোবর আবদুস সালামের নির্দেশে ১৫-২০ জন লোক পরিকল্পিতভাবে জাহিদুল ইসলামের বাড়িতে ঢুকে তাঁর স্ত্রী ফুলোয়ারা বেগমের কাছে তিন লাখ টাকা চাঁদা দাবি করে। চাঁদা না দেওয়ায় তাঁকে মারধর করে এবং বাড়িতে ভাঙচুর ও লুটপাট চালায়।</p>","['Politics', 'Crime']",Straight
39,"রংপুর নগরীর তামপাট এলাকায় ধানক্ষেত থেকে মিজানুর রহমান মিজান নামে এক ব্যবসায়ীর লাশ উদ্ধার করেছে মেট্রোপলিটন তাজহাট থানা পুলিশ। বুধবার সকালে নগরীর তামপাট ধর্মদাসে অবস্থিত ধান গবেষণা ইন্সটিটিউটের পেছনে দোলাপাড়া নামক স্থানে একটি ধানক্ষেত থেকে লাশটি উদ্ধার করে পুলিশ।নিহতের বাড়ি নগরীর মধ্য বাবুখাঁ গ্রামে। তিনি লালবাগ হাটে সুপারির ব্যবসা করতেন।স্থানীয়রা জানান, বুধবার সকালে ধানক্ষেতে ওই ব্যক্তির লাশ পড়ে থাকতে দেখে পুলিশে খবর দেন। পরে তাজহাট মেট্রোপলিটন পুলিশ সদস্যরা গিয়ে লাশ উদ্ধার করে ময়নাতদন্তের জন্য রংপুর মেডিকেল কলেজ হাসপাতাল মর্গে পাঠায়।তাজহাট থানার এসআই ওবায়দুল ইসলাম জানান, নিহত ব্যক্তি পেশায় সুপারি ব্যবসায়ী। তিনি নগরীর মধ্য বাবুখাঁ গ্রামের রইসউদ্দিনের ছেলে ও লালবাগ বাজার ব্যবসায়ী সমিতির সদস্য ছিলেন।তাজহাট মেট্রোপলিটন থানার ওসি আখতারুজ্জামান প্রধান জানান, ঘটনাস্থলে পুলিশ গিয়ে লাশটির পরিচয় শনাক্ত করার পর ময়নাতদন্তের জন্য হাসপাতাল মর্গে পাঠিয়েছে। এ হত্যাকাণ্ডের প্রাথমিক তদন্ত চলছে। এ ঘটনায় এখন পর্যন্ত কাউকে গ্রেফতার করা সম্ভব হয়নি। তবে অভিযান চলছে।",['Crime'],Straight
40,"ভোলা-লক্ষ্মীপুর নৌরুটের ইলিশা লঞ্চঘাটে পন্টুন নেই, নেই কোনো জেটি, কোনো প্রকার যাত্রী সুবিধা না থাকলেও বিআইডব্লিউটিএর বরাদ্দ দিয়ে ইজারাদার ফারুক গ্রুপ যাত্রীপ্রতি ঘাটে প্রবেশমূল্য হিসেবে নিচ্ছে ৫ টাকা করে। এ রুটে প্রতিদিন ঢাকা ও চট্টগ্রামগামী কয়েক হাজার যাত্রী লঞ্চ ও সি-ট্রাকে পাড়ি জমান। ওঠা-নামায় সুবিধা না থাকায় যাত্রীরা চরম দুর্ভোগ পোহালেও বিআইডব্লিউটিএ ও তাদের ঘাট ইজারাদারের নজর নেই। নারী, বৃদ্ধ ও শিশুদের ক্ষেত্রে দুর্ভোগ আরও ভয়াবহ। অথচ এভাবেই প্রতিদিন ২৫ হাজার টাকা থেকে এক লাখ টাকা আদায় করে নিচ্ছে ফারুক গ্রুপ। রোববার ওই ঘাটে গিয়ে এমন দৃশ্যই চোখে পড়ে। ক্ষোভ জানান কয়েকশ যাত্রী। বিআইডব্লিউটিএর নদীবন্দরের পরিদর্শক নাসিম যুগান্তরকে জানান, ফারুক বেপারি এ ঘাটের ইজারাদার। ঘাটে যাত্রীদের সুবিধা দেয়ার শর্তেই যাত্রীপ্রতি সর্বাধিক ২ টাকা হারে প্রবেশমূল্য নেয়ার অনুমতি রয়েছে। কোনো কারণেই ৫ টাকা নিতে পারবেন না। গতকাল ওই ঘাটে গিয়ে দেখা যায় ইজারাদার ফারুক বেপারির স্টাফ জামাল যাত্রীদের কাছ থেকে টিকিট দিয়ে ৫ টাকা করে আদায় করছে। এ সময় জামাল জানান, ফারুক বেপারি বিআইডব্লিউটিএর ইজারাদার, আবার চট্টগ্রাম বিভাগী কমিশনারের কাছ থেকেই ওই ঘাট জেলা পরিষদের হিসেবেও ডাক এনেছে। ৫ টাকা তারা বৈধভাবে নিচ্ছে। নদীভাঙনের কারণে পন্টুন দেয়া হয়নি বলেও জানায় তারা। আবার পরির্দশক নাসিম জানান, এ ঘাটের জন্য পন্টুন বরাদ্দ রয়েছে। পানি উন্নয়ন বোর্ডের কাছ থেকে পন্টুন স্থাপনের ছাড়পত্র পেলেই তা স্থাপন করা হবে। এদিকে ওই ঘাটে গিয়ে বাংলাবাজার কলেজের ছাত্রী মারজান বেগম, চট্টগ্রামগামী চরফ্যাশন দক্ষিণ আইচার আবুল হোসেন, দিনেশ চন্দ্র ঘরামী, চরফ্যাশন হাজারীগঞ্জের ইউনুছ, লালমোহনের সুরমা বেগম, মেহেন্দীগঞ্জের দেলোয়ারা বেগমসহ শতাধিক যাত্রী জানান, তাদের কাছ থেকে ৫ টাকা করে আদায় করা হলেও লঞ্চে বা সি-ট্রাকে ওঠার মতো কোনো ব্যবস্থা নেই এ ঘাটে। তারা ক্ষোভ জানিয়ে বলেন, এভাবে ৫ টাকা নেয়াও চাঁদাবাজির শামিল। ঈদের এ মৌসুমে প্রতিদিন এ রুটে ২০ থেকে ৩০ হাজার যাত্রী যাতায়াত করে। আর এভাবেই লাখ লাখ টাকা হাতিয়ে নেয় ফারুক বেপারিরা। আবার এ ঘাটে পন্টুন না থাকলেও ঘাটে ভেড়ানোর জন্য লঞ্চপ্রতি যেখানে ৩০ টাকা নেয়ার কথা সেখানে আদায় করা হচ্ছে ৫শ থেকে ১০০০ টাকা। আবার ট্রলারে যাত্রী পারাপারে ইজারাদার ফারুক ঘাটের জন্য যাত্রীপ্রতি আদায় করছেন ৫০ টাকা। এভাবেই রামরাজত্ব আর লুটপাট চলছে ওই ঘাটে এমন অভিযোগ স্থানীয় আওয়ামী লীগ নেতা আনোয়ার হোসেনের। ফারুকের ভয়ে ওই এলাকায় কেউ মুখ খুলতেও রাজি হচ্ছে না এমন অভিযোগ রয়েছে। তবে ফারুক বেপারিকে মোবাইল ফোনে কল করলেও অপরপ্রান্ত থেকে এ প্রতিবেদকের নাম শুনে বলা হয়, তিনি মোবাইল চার্জে দিয়ে বাইরে আছেন। যিনি ফোন রিসিভ করেন তিনি জানতে চান কেন ফোন করা হয়েছে। কারণ বলতেই জানান, ফারুক মিয়া বৈধভাবেই ঘাট ইজারা নিয়ে প্রবেশ টিকিট দিচ্ছেন। ","['Government actions', 'Business & Economy']",Investigative
41,"<p>চট্টগ্রামে লোহাগড়া উপজেলা ভাইস চেয়ারম্যান নুরুল আফসারসহ জামায়াতে ইসলামীর ছয় কর্মীকে জেলহাজতে পাঠিয়েছেন আদালত। স্থানীয় সাংসদ আবু রেজা নদভীর ওপর হামলার ঘটনায় দায়ের করা মামলায় আজ রোববার জামিন নিতে গেলে চট্টগ্রামের বিচারিক আদালত এ আদেশ দেন।<br />জেলহাজতে পাঠানো অন্যরা হলেন মো. শফি, মোস্তাক খন্দকার, মো. মাহফুজ, মো. নাসির উদ্দিন ও কাজী জসীম। তাঁরা সবাই জামায়াতের কর্মী বলে পুলিশ জানায়।<br />পুলিশ সূত্রে জানা যায়, গত ৩১ জানুয়ারি লোহাগড়ার চুনুটিতে একটি ধর্মী অনুষ্ঠানে সাংসদ আবু রেজা নদভীর ওপর হামলার ঘটনা ঘটে। এ ঘটনায় জামায়াত-শিবিরের দুই শতাধিক নেতা-কর্মীর বিরুদ্ধে লোহাগড়া থানায় মামলা দায়ের হয়। ওই ছয়জন মামলার এজাহারভুক্ত আসামি। আজ দুপুর ১২টার দিকে নবনির্বাচিত ভাইস চেয়ারম্যান নুরুল আফসারসহ ছয়জন চট্টগ্রাম বিচারিক আদালতে আত্মসমর্পণ করে জামিনের আবেদন করেন। শুনানি শেষে আদালত তাঁদেরকে জেলহাজতে পাঠান।<br />লোহাগড়া থানার ভারপ্রাপ্ত কর্মকর্তা (ওসি) মো. শাহাজান বলেন, নুরুল আফসারসহ জেলহাজতে পাঠানো সবার বিরুদ্ধে সহিংসতা ও নাশকতার একাধিক মামলা রয়েছে।</p>","['Politics', 'Crime']",Straight
42,"নগরীর বিভিন্ন পূজা মণ্ডপ পরিদর্শন করেছেন রযাবের মহাপরিচালক বেনজীর আহমেদ। মঙ্গলবার রাতে তিনি মণ্ডপ পরিদর্শনকালে বলেন, বর্তমান সরকারের নেতৃত্বে দেশে ধর্মীয় সম্প্রীতি ও অর্থনৈতিক সমৃদ্ধি ঘটেছে। যার বড় প্রমাণ হচ্ছে সারা দেশে ২৮ হাজার মণ্ডপে উৎসবমুখর পরিবেশে মহাধুমধামের মধ্যদিয়ে দুর্গাপূজা অনুষ্ঠিত হচ্ছে। তিনি আইনশৃংখলা রক্ষাকারী বাহিনীর ওপর সবাইকে আস্থা রাখার আহ্বান জানিয়ে আরও বলেন, দেশের অনেক বড় বড় চ্যালেঞ্জ মোকাবেলা করেছে আইনশৃংখলা বাহিনী। দু’জন বিদেশী হত্যার বিষয়েও রযাবের পক্ষ থেকে তদন্ত চলছে। দ্রুত এ ঘটনা দুটির রহস্য উদ্ঘাটিত হবে। এ সময় অন্যান্যের মধ্যে উপস্থিত ছিলেন রযাবের অতিরিক্ত মহাপরিচালক কর্নেল জিয়াউল আহসান, রযাব-৮ এর অধিনায়ক লে. কর্নেল ফরিদুল আলম, বরিশাল রেঞ্জ পুলিশের ডিআইজি হুমায়ুন কবির, পুলিশ কমিশনার লুৎফর রহমান মণ্ডল প্রমুখ। ","['Politics', 'Discourse', 'Protests']",Commentary
43,"<p class=""TEXT"">কমলাপুর রেলওয়ে স্টেশন। পঁচিশ-ত্রিশজনের একটা দল ক্যামেরা হাতে ঘোরাঘুরি করছে। কেউ ট্রেনের ছাদে দাঁড়ানো দুঃসাহসী ছোট ছেলেটার ছবি তুলতে ব্যস্ত, কেউ ক্যামেরা তাক করেছেন ট্রেনের দরজায় ঝুলে থাকা লোকটার দিকে। ওদিকে একজন খুব কসরত করে মনের মতো একটা ফ্রেম পেয়েছেন বলে হাসি এ কান-ও কান হয়েছে। এরই মধ্যে স্টেশনের কেউ কেউ হয়তো তাঁদের সাংবাদিক ভেবে বসল, কাছে এসে গড়গড় করে বলতে শুরু করল নানা সমস্যার কথা। কেউ-বা এগিয়ে এসে আবদার করেন, ‘একটা ছবি তুলে দেবেন প্লিজ!’ আহছানউল্লা বিজ্ঞান ও প্রযুক্তি বিশ্ববিদ্যালয় ফটোগ্রাফি ক্লাব বা ‘অস্টপিসি’র সদস্যদের এমন অভিজ্ঞতা হয় হরহামেশাই। কেবল কমলাপুর রেলওয়ে স্টেশন নয়, পুরান ঢাকা, কারওয়ান বাজার, সদর ঘাটসহ ঢাকার যেকোনো জায়গায় হঠাৎ কখনো আপনার দেখা হয়ে যেতে পারে এই দলটির সঙ্গে।</p>","['Culture', 'Lifestyle']",Commentary
44,"<p class=""TEXT"">২০১১ সালে যাত্রা শুরু করা ক্লাবের মোট সদস্যসংখ্যা বর্তমানে এক হাজারেরও বেশি। ‘বিশ্ববিদ্যালয়ের বর্তমান শিক্ষার্থীদের যে কেউ চাইলে ক্লাবের সদস্য হতে পারে। প্রতি সেমিস্টারে রেজিস্ট্রেশন বুথ বসে। নির্দিষ্ট সেই বুথে গিয়ে রেজিস্ট্রেশনের মাধ্যমে সদস্য হতে হয়,’ সাধারণ সম্পাদক তৌফিক আহমেদ জানালেন।</p>",['Education'],Straight
45,"<p class=""TEXT"">সদস্যদের জন্য সারা বছর নানা রকম আয়োজন থাকে ক্লাবের পক্ষ থেকে। কেমন আয়োজন? ‘নিয়মিত কর্মশালা হয়, ফটো আড্ডা, ফটো ওয়াক হয়। এ ছাড়া আমরা প্রতি সপ্তাহে একটা ফটোগ্রাফি প্রতিযোগিতা করি। বিজয়ী ছবিটা অস্টপিসির নোটিশ বোর্ডে টাঙিয়ে দেওয়া হয়, ’ বললেন তৌফিক।</p>","['Culture', 'Lifestyle']",Straight
46,"<p class=""TEXT"">ফটো আড্ডা বা ফটো ওয়াক ব্যাপারগুলো কী, সেটা একটু বুঝতে চেষ্টা করি। জানা গেল, সুযোগ পেলেই যে দল বেঁধে ছবি তুলতে বের হন, এই আয়োজনকে তাঁরা বলছেন ফটো ওয়াক। চেনা শহরটাকেও যে কত ভিন্ন ভিন্ন চোখে দেখা যায়, তারই প্রমাণ মেলে এই ‘ছবি হণ্টন’ থেকে। একই জায়গা, অথচ একেকজনের ক্যামেরায় ফুটে ওঠে একেক রূপ। ফটো আড্ডায় আলাপ হয় নিজেদের তোলা ছবিগুলো নিয়ে। ভুল করলে সমালোচনা হয়, ভালো করলে সবাই পিঠ চাপড়ে দেয়। আড্ডায় অভিজ্ঞরা নিজেদের মতো করে পরামর্শ দিয়ে সহায়তা করেন।</p>","['Culture', 'Lifestyle']",Commentary
47,"<p class=""TEXT"">এসব কার্যক্রমের ফলাফলও হাতেনাতে পাচ্ছেন ক্লাবটির সদস্যরা। ক্লাবের সহসভাপতি খালিদ রহমান অর্জনের কথা বলতে গিয়ে বেশ কয়েকটি জাতীয় ও আন্তর্জাতিক প্রতিযোগিতার নাম বললেন। জানালেন, ‘ক্লাব প্রতিষ্ঠার পর থেকে এসব প্রতিযোগিতায় প্রথম পুরস্কারসহ অনেকগুলো অ্যাওয়ার্ড জিতেছে আমাদের সদস্যরা।’</p>","['Education', 'Sports']",Commentary
48,"<p class=""TEXT"">নতুন, প্রতিভাবান আলোকচিত্রীদের খুঁজে বের করতে প্রতিবছর দুটি প্রদর্শনীর আয়োজন করে অস্টপিসি। এক সেমিস্টারে প্রদর্শনী হয় নিজ বিশ্ববিদ্যালয়ের ভেতরেই। সেখানে অংশগ্রহণ করতে পারেন কেবল আহছানউল্লাহ বিজ্ঞান ও প্রযুক্তি বিশ্ববিদ্যালয়ের শিক্ষার্থীরা। আর পরের সেমিস্টারে আয়োজন করা হয় আন্তর্জাতিক প্রদর্শনী। রাজধানীর দৃক গ্যালারিতে ২৩-২৫ জুলাই বসবে এবারের প্রদর্শনী ‘ড্রিম বিয়ন্ড ইমাজিনেশন ৪’-এর আসর।</p>","['Culture', 'Education']",Straight
49,"<p class=""TEXT"">কিন্তু এত কিছুর লক্ষ্যটা আসলে কী? আলাপের শেষে খালিদ রহমান বলছিলেন, ‘ব্যক্তিগতভাবে আমি চাই ক্লাবের প্রতিটি সদস্য ছবি যেমনই তুলুক না কেন, মন থেকে যেন ছবিকে ভালোবাসতে পারে। এটা তাদের ভেতর ঢুকিয়ে দিতে পারলে আমরা সার্থক। লেগে থাকলে ভালো ছবি এমনিই আসবে। ভালোবাসাটা জরুরি।’</p>","['Culture', 'Discourse']",Commentary
50,"<p>টানা দুই ম্যাচ জয়ের সর্বশেষ স্মৃতিটা ছয় মাস আগের। অ্যান্টিগাতে আবার সেটির পুনরাবৃত্তি করে ইংল্যান্ড ওয়েস্ট ইন্ডিজের সঙ্গে তিন ম্যাচের ওয়ানডে সিরিজ জিতল ২-১ ব্যবধানে। পরশু শেষ ওয়ানডেতে ওয়েস্ট ইন্ডিজকে ২৫ রানে হারিয়েছে স্টুয়ার্ট ব্রডের ইংল্যান্ড।<br />টসে হেরে ব্যাট করতে নেমে ৩৭ রানেই ইংল্যান্ড হারিয়ে ফেলে মাইকেল লাম্ব ও বেন স্টোকসকে। এরপর ২৪ ওভারের মধ্যে (দলীয় ১১৬ রানে) মঈন আলী ও এউইন মরগানও যান ফিরে। কিন্তু ভাঙা আঙুল নিয়েও দলকে পথ দেখিয়েছেন জো রুট। তাঁকে যোগ্য সঙ্গ দিয়েছেন জস বাটলার। দুজনে যোগ করেছেন ১৭৫ রান, পঞ্চম উইকেটে ইংল্যান্ডের দ্বিতীয় সর্বোচ্চ। বাটলার (৯৯) মাত্র ১ রানের জন্য সেঞ্চুরিটা মিস করলেও ম্যাচ ও সিরিজ-সেরা রুট (১০৭) সেটা ঠিকই পেয়েছেন। ইংল্যান্ড তাই ওয়েস্ট ইন্ডিজকে দিতে পারে ৩০৪ রানের লক্ষ্য।<br />ওয়েস্ট ইন্ডিজ শুরু থেকেই হাঁটতে শুরু করে উল্টো পথে। ৮০ রানে নেই প্রথম পাঁচ ব্যাটসম্যান। এরপর শুরু ‘দিনেশ রামদিন শো’। প্রথমে ব্রাভো, পরে সামিকে নিয়ে দলকে লক্ষ্যে পৌঁছানোর চেষ্টা করেছেন আপ্রাণ। কিন্তু শেষ পর্যন্ত পারেননি। শেষ ব্যাটসম্যান হিসেবে যখন আউট হলেন, রামদিনের নামের পাশে ১২৮ রান (১০৯ বলে, ১২ চার, ৫ ছয়)। ক্যারিবীয় কোনো উইকেটকিপারের এটাই প্রথম ওয়ানডেতে সেঞ্চুরি। ওয়েবসাইট।</p>",['Sports'],Straight
51,"<p>ইরানের প্রেসিডেন্ট হাসান রুহানি বলেছেন, তাঁর দেশের পারমাণবিক কর্মসূচি নিয়ে পাশ্চাত্যের সঙ্গে একটি স্থায়ী চুক্তির জন্য আলোচনার সময় ফুরিয়ে যাচ্ছে। শুক্রবার নিউইয়র্কে এক সংবাদ সম্মেলনে এই সতর্কবাণী উচ্চারণ করেন তিনি। খবর এএফপির।<br />প্রেসিডেন্ট রুহানি বলেন, জাতিসংঘ সাধারণ পরিষদের অধিবেশনের ফাঁকে ইরান ও ছয় বিশ্বশক্তির মধ্যে আলোচনায় সামান্যই অগ্রগতি হয়েছে। সামনের দিকে এগোনো হয়েছে। কিন্তু এই অগ্রগতি উল্লেখযোগ্য নয়।<br />তেহরানের বিতর্কিত পারমাণবিক কর্মসূচির বিষয়ে ইরানের সঙ্গে পাশ্চাত্য বর্তমানে একটি অস্থায়ী সমঝোতায় রয়েছে। স্থায়ী সমঝোতার জন্য যে সময়সীমা নির্ধারণ করা হয়েছিল, তা আগামী ২৪ নভেম্বর শেষ হয়ে যাচ্ছে।<br />পাশ্চাত্যের সঙ্গে ইরানের চলমান সংলাপে মূলত তেহরানের ওপর থেকে পশ্চিমা অবরোধ তুলে নেওয়া এবং বিনিময়ে ইরানের ইউরেনিয়াম সমৃদ্ধ করার কর্মসূচির মাত্রা কমিয়ে আনার ওপরে আলোকপাত করা হচ্ছে। গত বছর সুইজারল্যান্ডের জেনেভায় যে অস্থায়ী চুক্তি হয়েছিল, তার ভিত্তিতে এরই মধ্যে কিছু অবরোধ তুলে নেওয়া হয়েছে এবং ইরানও ইউরেনিয়াম সমৃদ্ধ করার কর্মসূচির অনেকটা বন্ধ না হয় স্থগিত করেছে।<br />ইরান প্রয়োজনীয় নমনীয়তা দেখিয়েছে দাবি করে রুহানি বলেন, এখন এই আলোচনা এগিয়ে নেওয়ার দায়িত্ব ছয় বিশ্বশক্তি যুক্তরাষ্ট্র, যুক্তরাজ্য, চীন, ফ্রান্স, রাশিয়া ও জার্মানির। অবিলম্বে আলোচনায় অগ্রগতি করার আহ্বান জানিয়ে তিনি বলেন, ‘হাতে সময় একেবারেই কম।’<br />এদিকে নিউইয়র্কের আলোচনার পর যুক্তরাষ্ট্রের একজন কর্মকর্তা বলেছেন, দুই পক্ষের মধ্যে এখনো বড় ব্যবধান রয়ে গেছে।</p>","['International Affairs', 'Politics']",Straight
52,"কুড়িগ্রামে ৩য় দফা নির্বাচনকে সামনে রেখে ৪র্থ উপজেলা পরিষদ নির্বাচন বিষয়ে মতবিনিময় সভা অনুষ্ঠিত হয়েছে। বৃহস্পতিবার সকালে জেলা প্রশাসকের সম্মেলন কক্ষে জেলা প্রশাসনের কর্মকর্তা ও স্থানীয় সাংবাদিকদের সঙ্গে মতবিনিময় করেন নির্বাচন কমিশনার মোহাম্মদ আবু হাফিজ। জেলা প্রশাসক এবিএম আজাদের সভাপতিত্বে বক্তব্য রাখেন অতিরিক্ত জেলা প্রশাসক সার্বিক ইমতিয়াজ হোসেন, অতিরিক্ত পুলিশ সুপার শাহাব উদ্দিন, জেলা নির্বাচন অফিসার তাজুল ইসলাম প্রমুখ। আলোচনায় বক্তারা সুষ্ঠু ও শান্তিপূর্ণ নির্বাচনে আইন-শৃংখলাসহ সার্বিক পরিস্থিতি বজায় রাখার দিক নির্দেশনা প্রদান করেন।","['Government actions', 'Politics']",Straight
53,"<p>দ্রব্যমূল্য বাড়ার জন্য খুচরা ব্যবসায়ীরাই দায়ী বলে মনে করে দ্রব্যমূল্য তদারকসংক্রান্ত আন্ত-মন্ত্রণালয় কমিটি। কমিটি যাচাই করে বলেছে, পাইকারি বাজারে কোনো পণ্যের দর ৫ শতাংশ বাড়লে, খুচরা ব্যবসায়ীরা তা বাড়িয়ে দেয় ২০ শতাংশ। এর প্রভাব পড়ে সাধারণ ভোক্তাদের ওপর। গতকাল সোমবার বাণিজ্য মন্ত্রণালয়ে দ্রব্যমূল্য তদারকসংক্রান্ত আন্তমন্ত্রণালয় বৈঠকে এসব তথ্য উপস্থাপন করা হয়। কমিটির আহ্বায়ক বাণিজ্য মন্ত্রণালয়ের অতিরিক্ত সচিব মোস্তফা মহিউদ্দিনের সভাপতিত্বে অনুষ্ঠিত এ বৈঠকে অর্থ ও স্বরাষ্ট্র মন্ত্রণালয়, জাতীয় রাজস্ব বোর্ড, বাংলাদেশ ব্যাংক, বিএসটিআই, এফবিসিসিআই ও টিসিবির প্রতিনিধিরা উপস্থিত ছিলেন।জানা গেছে, রমজান মাসে চিনি ও ডালের দাম স্থিতিশীল রাখতে টিসিবির মাধ্যমে (ট্রেডিং করপোরেশন অব বাংলাদেশ) আমদানির সুপারিশ করা হয়েছে বৈঠকে। এ ছাড়া ১৯৫৩ সালের পুরোনো ‘মজুদবিরোধী আইন’ যুগোপযোগী করারও সুপারিশ করা হয়েছে। বৈঠকে বলা হয়, কয়েক দিন ধরে বাজারে চাল-ডালসহ নিত্যপ্রয়োজনীয় প্রায় সব পণ্যের দামই কমেছে। বেড়েছে শুধু ভোজ্যতেল ও হলুদের দাম। হলুদের দাম স্থিতিশীল রাখতে শিগগিরই শ্যামবাজারের পাইকারি ব্যবসায়ীদের সঙ্গে আলোচনায় বসার সিদ্ধান্ত হবে। বৈঠকে পাইকারি ও খুচরা বাজারের জিনিসপত্রের দামের একটি তুলনামূলক চিত্র উপস্থাপন করে বলা হয়, পাইকারি বাজারে দাম কমলেও খুচরা বাজারে তার খুব একটা প্রভাব নেই। এ ব্যাপারে সংশ্লিষ্ট মন্ত্রণালয় ও বিভাগকে প্রয়োজনীয় ব্যবস্থা গ্রহণের সুপারিশ করা হয়।প্রতিবছরই রমজান মাসে চিনি ও ডালের চাহিদা বেড়ে যায়। এ বিষয়টি বিবেচনায় রেখে টিসিবির মাধ্যমে ব্রাজিল থেকে চিনি ও অন্য দেশ থেকে ডাল আমদানির সুপারিশ করা হয় বৈঠকে। গতকাল বাজার ঘুরে দেখা গেছে, সব ধরনের চাল, ডাল, চিনি ও পেঁয়াজ-রসুনের দাম কিছু কমেছে। আলু, আটা, ভোজ্যতেলসহ শাকসবজির দাম অপরিবর্তিত রয়েছে। তবে চিনি রপ্তানি বন্ধ করার ঘোষণায় চিনির দাম অনেক কমেছে। খুচরা বাজারে চিনির দাম কেজিতে পাঁচ-ছয় টাকা পর্যন্ত কমেছে। চালের মধ্যে মিনিকেট, নাজিরশাইল ও পাইজামের দাম কেজিতে গড়ে দুই টাকা কমেছে। চাল ব্যবসায়ীরা জানান, পোলাওর চালের দামও ৮ থেকে ১০ টাকা কমেছে। মোটা চাল প্রতি কেজির দর প্রকারভেদে ২৫ থেকে ২৬ টাকা, মাঝারিমানের নাজিরশাইল বা মিনিকেটের দাম ৩৮ থেকে ৪০ টাকা। উন্নতমানের নাজির-মিনিকেট কিনতে হলে ক্রেতাকে প্রতি কেজির জন্য গুনতে হচ্ছে ৪০ থেকে ৪৫ টাকা। পাইজামের কেজি ৩২ থেকে ৩৫ টাকা, আর মিনিকেট ৪২ থেকে ৪৪ টাকা ও কালিজিরা ৭০-৭২ টাকায় বিক্রি হচ্ছে। এক সপ্তাহের ব্যবধানে পেঁয়াজের দাম কমেছে কেজিতে দুই টাকা, রসুনের দর কমেছে পাঁচ টাকা। আটার দাম না কমলেও মশুর ডালের দাম কিছুটা কমতির দিকে। নেপাল থেকে আমদানি করা ডালের দর কেজিতে দুই থেকে চার টাকা কমে ১০২ টাকা থেকে ১০৪ টাকায় বিক্রি হচ্ছে। দেশি মশুরের ডাল ১০০ টাকা, তুরস্কের মশুরের ডাল (বড় দানা) ৭৫ টাকা থেকে ৮০ টাকায় বিক্রি হচ্ছে। খোলা আটার দাম ২১ থেকে ২২ টাকা এবং প্যাকেটজাত আটা বিক্রি হচ্ছে ২৩ থেকে ২৪ টাকায়। গত সপ্তাহে মানভেদে চিনি বিক্রি হয়েছিল ৫০ থেকে ৫২ টাকা দরে, গতকালের দর ছিল ৪৭ থেকে ৪৮ টাকা। ভারতীয় পেঁয়াজ বিক্রি হচ্ছে ১৬ থেকে ১৮ টাকায়, আর দেশি পেঁয়াজ ২০ থেকে ২২ টাকা। এক সপ্তাহ আগেও ভারতীয় পেঁয়াজ ১৮ থেকে ২০ টাকা ও দেশি পেঁয়াজ ২৪ থেকে ২৫ টাকায় বিক্রি হয়েছে। দেশি রসুন মানভেদে ৭০ থেকে ৭৫ টাকা আর চীনের রসুন মানভেদে ১০০ টাকা থেকে ১০৫ টাকা দরে বিক্রি হচ্ছে। দেশি আদার দর ৭০ টাকা ও চীনের আদা ১০৫ টাকা। খুচরা বাজারে আলুর দর বর্তমানে প্রতি কেজি ১০ টাকা। খোলা সয়াবিন তেল প্রতি কেজি ৮০-৮২ টাকা, সুপার পাম ৬৮ টাকা ও সাধারণ পাম তেল ৬৪ টাকা দরে বিক্রি হচ্ছে।কারওয়ান বাজারের চাল ব্যবসায়ী মো. মাঈনউদ্দিন মানিক জানান, পাইকারি বাজারে চালের দর যে হারে কমেছে, খুচরা বাজারে সেভাবে কমেনি। তবে আগামী এক মাসের মধ্যে বাজারে নতুন চাল চলে এলে তখন দর আরও কমবে। ফলে কোনো ব্যবসায়ী নতুন করে চাল আড়তে তুলছেন না। বরং পুরোনো মজুদ ছেড়ে দিচ্ছেন। ফলে মিলের মালিকেরা দাম কমালেও খুচরা বাজারে খুব বেশি প্রভাব পড়েনি।</p>","['Government actions', 'Business & Economy', 'Discourse']",Straight
54,"<p>মায়েদেরও সংবর্ধনাফেনীর সোনাগাজী উপজেলা পরিষদের পক্ষ থেকে গত শুক্রবার বিকেলে এবারের এসএসসি ও দাখিল পরীক্ষায় জিপিএ-৫ পাওয়া কৃতী শিক্ষার্থী ও তাদের মায়েদের সংবর্ধনা দেওয়া হয়েছে। উপজেলা পরিষদ মিলনায়তনে অনুষ্ঠানে প্রধান অতিথি ছিলেন জেলা প্রশাসক মো. আবদুল কুদ্দুস খান। বক্তব্য দেন উপজেলা নির্বাহী কর্মকর্তা (ইউএনও) কে এম আবদুল ওয়াদুদ, উপজেলা ভাইস চেয়ারম্যান জান্নাতুল ফেরদৌস, কবির আহম্মদ, মনিরা ইয়াসমিন ও নিজাম উদ্দিন। ফেনী অফিসউদীচীর বিভাগীয় প্রশিক্ষণদিনাজপুরে বাংলাদেশ উদীচী শিল্পী গোষ্ঠীর রাজশাহী বিভাগীয় সাংগঠনিক প্রশিক্ষণ গত শুক্রবার অনুষ্ঠিত হয়েছে। বেলা ১১টায় উদীচী প্রাঙ্গণে প্রশিক্ষণের উদ্বোধন করেন দিনাজপুর উদীচীর উপদেষ্টা মো. আবুল কালাম আজাদ। দিনব্যাপী প্রশিক্ষণে উদীচী শিল্পী গোষ্ঠীর প্রতিষ্ঠার ইতিহাস, লক্ষ্য-উদ্দেশ্য, গঠনতন্ত্রসহ বিভিন্ন বিষয়ে আলোচনা করা হয়। দিনাজপুর ছাড়াও ঠাকুরগাঁও, পঞ্চগড় ও নীলফামারীর উদীচীর ৭৫ জন শিল্পী, কর্মী ও সংগঠক প্রশিক্ষণে অংশ নেন। দিনাজপুর অফিসদুই ব্যবসায়ী নিখোঁজমাদারীপুর শহরের পুরান বাজারের দুই ব্যবসায়ী মালামাল ক্রয়ের জন্য নরসিংদীর বাবুরহাটে যাওয়ার পথে নিখোঁজ হয়েছেন। নিখোঁজ ব্যবসায়ীরা হলেন মোক্তার হোসেন ও সেন্টু বেপারি। তাঁরা গত বৃহস্পতিবার দোকানের মালামাল ক্রয়ের জন্য নরসিংদীর বাবুরহাটের উদ্দেশে রওনা দেন। এ ঘটনায় মোক্তার হোসেনের ভাই আকতার হোসেন মাদারীপুর সদর থানায় একটি সাধারণ ডায়েরি করেছেন। কেউ খোঁজ পেলে মাদারীপুর সদর থানায় যোগাযোগের জন্য অনুরোধ করা হয়েছে। মাদারীপুর প্রতিনিধিলাশ দেখে মৃত্যুআদরের নাতনি সালমা আক্তারের (৭) লাশ দেখে মারা গেলেন দাদা আবু তাহের (৬৫)। মর্মান্তিক এই ঘটনাটি ঘটেছে গত বৃহস্পতিবার বিকেলে নোয়াখালীর সেনবাগ উপজেলার ধর্মপুর গ্রামে। বৃহস্পতিবার ওই গ্রামের আনিসুর রহমানের মেয়ে প্রথম শ্রেণীর ছাত্রী সালমা পুকুরে ডুবে মারা যায়। নাতনির লাশ দেখে কাঁদতে কাঁদতে জ্ঞান হারিয়ে ফেলেন আবু তাহের। স্থানীয় একটি ক্লিনিকে নেওয়ার পর মারা যান তিনি। সেনবাগ (নোয়াখালী) প্রতিনিধিগলা টিপে হত্যা পাবনার ঈশ্বরদী পৌর এলাকার ফতেমোহাম্মদপুরে গত শুক্রবার রাতে এক মাদকসেবী তাঁর স্ত্রীকে গলা টিপে হত্যা করেছেন। পুলিশ স্বামী মিলনকে (২৫) তাঁর বাড়ি থেকে আটক করেছে। মিলন থানায় সাংবাদিকদের জানান, শুক্রবার রাতে নেশা বেশি হওয়ায় মাথা ঠিক ছিল না। সে সময় যৌতুকের টাকার কথা মনে পড়ে। গালাগালি শুরু করলে তাঁর স্ত্রী সোনিয়া রেগে যান। একপর্যায়ে তিনি গলা টিপে ধরলে সোনিয়া মারা যান।  ঈশ্বরদী (পাবনা) প্রতিনিধিজেলার শ্রেষ্ঠমৌলভীবাজার জেলার ২০০৮ সালের শ্রেষ্ঠ প্রাথমিক বিদ্যালয় নির্বাচিত হয়েছে সদর উপজেলার বরকাপন প্রাথমিক বিদ্যালয়। বিদ্যালয়ের প্রধান শিক্ষক আয়েশা শাহনাজ জানান, এলাকার শতভাগ শিশুকে বিদ্যালয়ে ভর্তি, তাদের উপস্থিতি নিশ্চিত করা ও বৃত্তিতে শতভাগ পাসের মূল্যায়ন করে শ্রেষ্ঠ বিদ্যালয় নির্বাচন করা হয়েছে। তিনি বলেন, ‘বিদ্যালয়কে এ পর্যায়ে নিয়ে আসতে শিক্ষকদের অনেক শ্রম দিতে হয়েছে।’ মৌলভীবাজার প্রতিনিধিদুই ডাকাত গ্রেপ্তারগাজীপুরের কালিয়াকৈর উপজেলার কালামপুর এলাকা থেকে গত বৃহস্পতিবার রাতে দুই ডাকাতকে গ্রেপ্তার করেছে পুলিশ। পুলিশ জানায়, কালামপুর এলাকার গজারিবনের ভেতরে ১০-১২ জনের একটি দল ডাকাতির প্রস্তুতি নিচ্ছিল। এ সময় পুলিশ তাদের ধাওয়া করে লাল মিয়া ওরফে নয়ন (২২) ও আবু সাইদ (২৫) নামের দুজনকে গ্রেপ্তার করে। অন্যরা পালিয়ে যায়। কালিয়াকৈর থানার সহকারী উপপরিদর্শক (এএসআই) আবু তাহের ঘটনার সত্যতা নিশ্চিত করেছেন। কালিয়াকৈর (গাজীপুর) প্রতিনিধি</p>","['Government actions', 'Education', 'Crime', 'Health', 'Discourse']",Straight
55,"<p>বসতঘরের টিনের চাল বিদ্যুতায়িত হয়েছিল। এক নারী তাতে বিদ্যুৎস্পৃষ্ট হন। মাকে বিদ্যুৎস্পৃষ্ট হতে দেখে এগিয়ে আসেন মেয়ে। এতে মা-মেয়ে দুজনই বিদ্যুৎস্পৃষ্ট হয়ে আহত হন। গুরুতর আহতাবস্থায় হাসপাতালে নেওয়ার পথে মেয়ের মৃত্যু হয়। গত সোমবার সন্ধ্যায় পাবনার আটঘরিয়া উপজেলার নওদাপাড়া গ্রামে এ ঘটনা ঘটে। প্রত্যক্ষদর্শীরা জানান, বৃষ্টির কারণে শর্টসার্কিট হয়ে আছিয়া খাতুনের (৪০) বসতঘরের টিনের চাল বিদ্যুতায়িত হয়। তিনি ঘরের কাজ করতে গিয়ে বিদ্যুৎস্পৃষ্ট হন। বিষয়টি দেখতে পেয়ে সাজু খাতুন (২৬) মাকে বাঁচাতে ছুটে যান। এতে দুজনই বিদ্যুৎস্পৃষ্ট হন। কিছুক্ষণ পর প্রতিবেশীরা দুজনকে উদ্ধার করেন। পরে গুরুতর আহতাবস্থায় দুজনকে আটঘরিয়া উপজেলা স্বাস্থ্য কমপ্লেক্সে নেওয়ার পথে সাজুর মৃত্যু হয়।</p>","['Crime', 'Health']",Straight
56,"<p>ইউনিট-৮, লেসন-১ ও ২<br />প্রিয় শিক্ষার্থী, আজ ইংরেজি পাঠ্যবইয়ের ইউনিট-৮, লেসন-১ ও ২ নিয়ে আলোচনা করব।</p>",['Education'],Straight
57,"<p>Read the text and answer the questions 1, 2, 3 and 4.<br />Sima is at home. She didn’t go to school because she is ill. She has a cough and a sore throat. She also feels very warm because she has a fever. She has the flu. The doctor visited Sima today. She needs some medicines. He also told her what to do in order to get well soon.<br />The doctor’s advice:<br />Eat food that gives your body energy. Try to eat, even if you aren’t hungry. You need to be strong.<br />Rest! Stay at home. Don’t go to school or work.<br />Drink a lot of water or juice. They are better than soft drinks.<br />Are you coughing or sneezing? Cover your mouth or nose! Use a tissue, not your hand!<br />Wash your hands regularly.<br />Use your own plate, glass and cup. Other people can catch your illness from these things.</p>","['Health', 'Education']",Straight
58,<p>1. Write only the answer on the answer paper.<br />i. Sima is suffering from —.<br />a. dysentery b. cholera<br />c. flu d. headache<br />ii. What does the doctor prescribe?<br />a. Medicines b. Books<br />c. Food d. Games<br />iii. What gives us energy?<br />a. Money b. Food<br />c. Fruits d. Drinks<br />iv. Sima is advised to take —.<br />a. fruits b. medicine<br />c. vegetables d. rest<br />v. Sima is to stay at home because —.<br />a. she is sick<br />b. she is attacked by somebody<br />c. her school is closed<br />d. she loves to be at home<br />vi. What should we cover our mouth with?<br />a. A sack b. A tissue<br />c. A bag d. A pot<br />vii. How should Sima be while using her own glass and plate?<br />a. Careless b. Ignorant<br />c. Indifferent d. Careful<br />viii. What should Sima stop spreading?<br />a. Virus b. Storm<br />c. Dirt d. Temperature<br />ix. Sima is —.<br />a. a teacher b. a nurse<br />c. a student d. a housewife<br />x. When should she cover her mouth and nose?<br />a. While going b. While reading<br />c. While playing d. While coughing<br />Answer to the question no-1<br />i. c. flu; ii. a. Medicines; iii. b. Food;<br />iv. d. rest; v. a. she is sick; vi. b. A tissue;<br />vii. d. Careful; viii. a. Virus;<br />ix. c. a student; x. d. While coughing.</p>,['Education'],Straight
59,<p>2. Match the words of the Column A with their meanings that is mentioned in the text Column B.<br />Column A Column B<br />a. Sore i. A pair of shoes<br />b. Throat ii. Having a large number<br />c. Prescribe iii. Mental and physical effort<br />d. Stay iv. An uncomfortable feeling of pain<br />e. Energy v. To suggest something<br />vi. The front part of neck<br />vii. To continue to be in a place<br />Answer to the question no-2<br />a. Sore ╛iv. An uncomfortable feeling of pain<br />b. Throat ╛vi. The front part of neck<br />c. Prescribe ╛ v. To suggest something<br />d. Stay ╛ vii. To continue to be in a place<br />e. Energy ╛ iii. Mental and physical effort</p>,['Education'],Straight
60,<p>3. Answer the following questions in sentences.<br />a. Why didn’t Sima go to school?<br />b. What does the doctor prescribe Sima?<br />c. What we can do to avoid spreading flu to others.<br />d. What does the doctor say?<br />e. What has Sima got?<br />f. Who is at home?<br />g. What has the doctor suggested Sima to drink?<br />h. Why has the doctor told Sima to stay at home?</p>,"['Education', 'Health']",Straight
61,"<p>Answer to the question no-3<br />a. Sima didn't go to school because she is ill.<br />b. The doctor prescribes Sima some medicines.<br />c. We can be careful to avoid spreading flu to others. While sneezing, we can cover our mouth and nose with a tissue. Also we can be careful to use our own plate and glass.<br />d. The doctor says that Sima has got the flu.<br />e. Sima has got flu.<br />f. Sima is at home.<br />g. The doctor has suggested Sima to drink a lot of liquids.<br />h. The doctor has told Sima to stay at home because she needs rest.</p>","['Health', 'Education']",Straight
62,"<p>4. Write a short composition of five sentences on “Your Illness”.<br />Answer to the question no-4<br />I am ill. I have been suffering from fever. I cannot go to school. I miss important classes. I am under treatment of a good doctor named Dr Huda.<br />শিক্ষক<br />বীরশ্রেষ্ঠ মুন্সী আব্দুর রউফ পাবলিক কলেজ, ঢাকা</p>",['Education'],Straight
63,"কুমিল্লা-৭ আসনের সংসদ সদস্য অধ্যাপক মো. আলী আশরাফের মৃত্যুর এক সপ্তাহ পার হয়নি। এখন পর্যন্ত ওই আসনটি শূন্য ঘোষণা করেনি নির্বাচন কমিশন (ইসি)। এর মধ্যেই এই আসনে উপনির্বাচনে বঙ্গবন্ধু শেখ মুজিব মেডিকেল বিশ্ববিদ্যালয়ের সাবেক ভিসিকে ও কুমিল্লা উত্তর জেলা আওয়ামী লীগের সহসভাপতি ডা. প্রাণ গোপাল দত্তকে প্রস্তুতি থাকতে প্রধানমন্ত্রী নির্দেশ দিয়েছেন বলে খবর বেরিয়েছে। গত ৩ আগস্ট bbcdhaka24.com নামের একটি নিউজ পোর্টাল ‘কুমিল্লা-৭ (চান্দিনা) আসনের উপনির্বাচনের জন্য ডা. প্রাণ গোপাল দত্তকে প্রস্তুতির জন্য নির্দেশ দিয়েছেন জননেত্রী শেখ হাসিনা’ শীর্ষক শিরোনামে একটি সংবাদ প্রকাশ করে।ওই সংবাদটি মিথ্যা ও উদ্দেশ্যপ্রণোদিত দাবি করে থানায় সাধারণ ডায়েরি (জিডি) করেন চান্দিনা উপজেলা কৃষক লীগের একজন নেতা।বুধবার রাতে ওই নিউজ পোর্টাল ও তার ফেসবুক আইডির বিরুদ্ধে চান্দিনা উপজেলা আওয়ামী কৃষক লীগ সাংগঠনিক সম্পাদক ফয়সাল বারী মুকুল ওই জিডি করেন।ফয়সাল বারী মুকুল বলেন, bbcdhaka24.com নামের একটি নিউজ পোর্টাল ও ফেসবুক পেজে অধ্যাপক ডা. প্রাণ গোপাল দত্তকে নিয়ে মিথ্যা সংবাদ প্রকাশ করেছে।তিনি বলেন, গত ৩ আগস্ট বিষয়টি ফেসবুক পেজে এ সংক্রান্ত সংবাদ দেখে ডা. প্রাণ গোপাল দত্তের সঙ্গে আমরা যোগাযোগ করি। কিন্তু তিনি এ বিষয়ে কিছুই জানেন না বলে জানিয়েছেন। তাই আমি থানায় সাধারণ ডায়েরি করেছি।চান্দিনা থানার পুলিশ পরিদর্শক (তদন্ত) মো. নূরুল বাশার সাধারণ ডায়েরির বিষয়টি নিশ্চিত করে বলেন, এ বিষয়ে চান্দিনা থানায় গত বুধবার একটি জিডি করা হয়, যার নম্বর- ২০২।এ বিষয়ে অধ্যাপক ডা. প্রাণ গোপাল দত্ত বলেন, অধ্যাপক মো. আলী আশরাফ এমপির মৃত্যুর শোক এখনও কাটেনি। সংসদীয় আসনটি শূন্যও ঘোষণা হয়নি। এরই মধ্যে একটি কুচক্রি মহল উদ্দেশ্যপ্রণোদিতভাবে মিথ্যা তথ্য দিয়ে সংবাদ প্রচারে লিপ্ত হয়েছে। সম্প্রতি একটি অনলাইন নিউজ পোর্টালে আমাকে জড়িয়ে প্রধানমন্ত্রীর উপসচিবের বরাদ দিয়ে সংবাদ প্রকাশ করেছে। এ বিষয়ে আমি নিজেও কিছু জানি না। এটি একটি রাজনৈতিক ষড়যন্ত্র বলে মনে করেন তিনি।প্রসঙ্গত, গত ৩০ জুলাই রাজধানীর স্কয়ার হাসপাতালে নিউমোনিয়া রোগে আক্রান্ত হয়ে চিকিৎসাধীন অবস্থায় মৃত্যুবরণ করেন কুমিল্লা-৭ (চান্দিনা) আসন থেকে পাঁচবার নির্বাচিত সংসদ সদস্য অধ্যাপক মো. আলী আশরাফ।","['Politics', 'Discourse']",Investigative
64,"<p class=""BYLINE"">নিজস্ব প্রতিবেদক | জুলাই ১০</p>",['Discourse'],Straight
65,"<p class=""TEXT""><strong>সংবাদ:</strong> শিক্ষাপ্রতিষ্ঠানে ১০ দিন বা তার বেশি অনুপস্থিত থাকা শিক্ষার্থীদের নাম-পরিচয় মন্ত্রণালয়কে জানানোর নির্দেশ দিয়েছেন শিক্ষামন্ত্রী নুরুল ইসলাম নাহিদ। গতকাল রোববার সচিবালয়ে সাংবাদিকদের সঙ্গে আলাপকালে এই নির্দেশের কথা জানান মন্ত্রী।</p>","['Education', 'Government actions']",Straight
66,"<p class=""TEXT""><strong>আহমেদ</strong></p>",['Discourse'],Straight
67,"<p class=""TEXT"">ছাত্রদের তালিকার আগে জঙ্গি শিক্ষকদের তালিকা করুন। কারণ, জঙ্গি শিক্ষকেরা প্রথমে ছাত্রদের মগজধোলাই করে জঙ্গিকাজে উদ্বুদ্ধ করছেন। এরপর ছাত্ররা জঙ্গি অপারেশনে যুক্ত হচ্ছে।</p>","['Discourse', 'Education']",Commentary
68,"<p class=""TEXT""><strong>বিবেক</strong></p>",['Discourse'],['Straight']
69,"<p class=""TEXT"">দেশের অবস্থা তাহলে এতই খারাপ যে শিক্ষামন্ত্রীকেও স্বরাষ্ট্রমন্ত্রীর দায়িত্ব পালন করতে হচ্ছে।</p>","['Politics', 'Discourse']",Commentary
70,"<p class=""TEXT""><strong>মুকুল (জাপান)</strong></p>",['Discourse'],Straight
71,"<p class=""TEXT"">খুব ভালো উদ্যোগ, অনেক আগে থেকেই সব ধরনের শিক্ষাপ্রতিষ্ঠানে নিজেরাই উদ্যোগী হয়ে ব্যবস্থা নেওয়া উচিত ছিল।</p>","['Discourse', 'Education']",Commentary
72,"<p><a href=""https://www.prothomalo.com/topic/বিএনপি"" target=""_blank"">বিএনপির</a> প্রয়াত নেতা মুক্তিযোদ্ধা সাদেক হোসেন খোকার ছেলে ইশরাক হোসেন প্রধানমন্ত্রী শেখ হাসিনাকে দেশের অন্যতম অভিভাবক উল্লেখ করে দেশের ভবিষ্যৎ ঠিক করে দিয়ে যাওয়ার আহ্বান জানিয়েছেন।</p>","['Politics', 'Discourse']",Commentary
73,"<p>আজ বৃহস্পতিবার দুপুরে কেন্দ্রীয় শহীদ মিনারে সাদেক হোসেন খোকার প্রতি শ্রদ্ধা জানানোর অনুষ্ঠানে ইশরাক হোসেন এসব কথা বলেন।<br /> <br />বিএনপির ভাইস চেয়ারম্যান ও ঢাকা সিটি করপোরেশনের সাবেক মেয়র সাদেক হোসেন খোকার ছেলে ইশরাক হোসেন বলেন, ‘তরুণ প্রজন্মের প্রতিনিধি হয়ে কিছু বলতে চাই। বাংলাদেশে প্রতিহিংসার যে রাজনীতি চর্চা, তার ভুক্তভোগী আমার বাবা, আমার পরিবার। বাবার সঙ্গে গত পাঁচ বছর কাটিয়েছি। অনেক কিছু শিখেছি। তিনি বলতেন, মুক্তিযুদ্ধ হয়েছিল গণতন্ত্র প্রতিষ্ঠার লক্ষ্যে। এখানে আজকে যে হানাহানির রাজনীতি চলছে, এর জন্য বাবা মুক্তিযুদ্ধ করেননি। রাজনৈতিক ভিন্নমত থাকবে, বহু রাজনৈতিক দল থাকবে, আমাদের লড়াই হবে ভোটের মাধ্যমে।’</p>","['Politics', 'Discourse']",Commentary
74,"<p>ইশরাক বলেন, ‘আজকে যে পর্যায়ে পৌঁছেছি, বিএনপির যাঁরা আহত, নিহত ও অত্যাচারের শিকার হয়েছেন, তাঁদের প্রতি শ্রদ্ধা রেখে বলতে চাই, এই রাজনীতির চর্চা কত দিন চলবে? বাংলাদেশে দুজন অভিভাবক আছেন—একজন খালেদা জিয়া, যিনি জেলে আছেন। আরেকজন বর্তমান প্রধানমন্ত্রী শেখ হাসিনা। আমি প্রশ্ন রাখতে চাই, আমাদের ভবিষ্যৎ কোথায়? আপানারা এর সমাধান করে দেন।’</p>","['Politics', 'Discourse']",Commentary
75,"<p>প্রধানমন্ত্রীর উদ্দেশে ইশরাক বলেন, ‘খালেদা জিয়ার জামিনের যে বাধাগুলো আছে, সেগুলো দূর করেন। আশপাশের স্বার্থবাদীদের বাদ দিয়ে খালেদা জিয়ার সঙ্গে কথা বলেন। বাংলাদেশের ভবিষ্যৎ ঠিক করে দিয়ে যান। আমরা যারা নতুন প্রজন্ম, তারা চাই না আর কোনো বিএনপি পরিবার এই প্রতিহিংসার রাজনীতির শিকার হোক এবং অন্য কোনো দল যদি ক্ষমতায় আসে, তখন আওয়ামী লীগের কোনো পরিবার প্রতিহিংসার হোক। আমাদের অভিভাবক যাঁরা আছেন, তাঁদের এর সমাধান করে দিয়ে যেতে হবে। অন্য কারও দিয়ে এটা হবে না।’ তাঁর বাবার প্রতি শ্রদ্ধা জানাতে যাঁরা এসেছেন, তাঁদের প্রতি কৃতজ্ঞতা প্রকাশ করে বাবার জন্য তিনি সবার কাছে দোয়া চান।</p>","['Politics', 'Discourse']",Commentary
76,<p>আজ সকাল সাড়ে আটটার দিকে যুক্তরাষ্ট্র থেকে সাদেক হোসেন খোকার মরদেহ ঢাকায় পৌঁছে। এরপর বেলা ১১টায় জাতীয় সংসদ ভবনের দক্ষিণ প্লাজায় জানাজার পরে দুপুর ১২টায় কেন্দ্রীয় শহীদ মিনারে সর্বস্তরের মানুষের শ্রদ্ধা জানানোর জন্য মরদেহ রাখা হয়।</p>,"['Politics', 'Discourse']",Straight
77,"<p>কেন্দ্রীয় শহীদ মিনারে সাদেক হোসেন খোকাকে শ্রদ্ধা জানাতে এসেছিলেন সিপিবির সভাপতি মুজাহিদুল ইসলাম সেলিম, বাসদ নেতা খালেকুজ্জামান, গণফোরাম থেকে আবু সাইয়িদ, সুব্রত চৌধুরী, জেএসডি সভাপতি আ স ম আবদুর রব, নাগরিক ঐক্যের মাহমুদুর রহমান মান্না, গণসংহতি আন্দোলনের জোনায়েদ সাকি, ঢাকা বিশ্ববিদ্যালয়ের সাদা দল, মনোবিজ্ঞান বিভাগ অ্যালামনাই অ্যাসোসিয়েশন, গণস্বাস্থ্য কেন্দ্রের জাফরুল্লাহ চৌধুরী, সাংস্কৃতিক ব্যক্তিত্ব ফকির আলমগীর, জাতীয় হিন্দু মহাজোট, এলডিপি মহাসচিব রেদোয়ান আহমেদ, বাংলাদেশ ছাত্র ইউনিয়ন, ভাসানী অনুসারী পরিষদ, ন্যাপ, ডাকসুর সহসভাপতি নুরুল হক নুরু, ছাত্রদল, গণতান্ত্রিক বাম ঐক্যসহ বিএনপির বিভিন্ন অঙ্গসংগঠনের নেতা–কর্মীরা। এ ছাড়া বিএনপির মহাসচিব মির্জা ফখরুল ইসলাম আলমগীরসহ স্থায়ী কমিটির নেতারা উপস্থিত ছিলেন।</p>","['Sports', 'Entertainment', 'Discourse']",Commentary
78,"ক্রীড়াবিদদের জীবনে নারী কেলেংকারি নতুন কোনো ঘটনা নয়। আর্জেন্টিনার সাবেক অধিনায়ক দিয়াগো ম্যারাডোনা, পর্তুগীজ অধিনায়ক ক্রিশ্চিয়ানো রোনাল্ডো তার অন্যতম উদাহরণ।ম্যারাডোনা এবং রোনাল্ডোর সারিতে এবার নাম উঠে এলো আর্জেন্টাইন ফুটবল তারকা লিওনেল মেসির! অবাক হলেন! অবাক হওয়ার কথা। কেননা, এ ফুটবল জাদুকরের নামে এখন পর্যন্ত এ ধরনের কোনো কলংকের খবর বের হয়নি।তাকে এই ধরনের শিরোনামে হাজির করলেন তার স্বদেশী মডেল জোয়ানা গঞ্জালেস। তার দাবি, মেসির সঙ্গে রাত কাটিয়েছেন তিনি। আর্জেন্টাইন বিভিন্ন গণমাধ্যমে এ খবর ফলাও করে প্রচার করা হচ্ছে।ছেলেবেলার খেলার সাথী আন্তোনেলা রোকুজ্জো ২৯ বছর বয়সী মেসির জীবনের পার্টনার। তাদের সংসারে ৩ বছর ও ১০ মাস বয়সের দুই ছেলেও রয়েছে। কোপা আমেরিকায় শিরোপা জিততে ব্যর্থ হন মেসি। তাই ক্ষোভে আন্তর্জাতিক ফুটবল থেকে অবসর নিয়েছেন বার্সেলোনার এ ফুটবল তারকা।২৫ বছর বয়সী মডেল জোয়ানা আলোচনায় আসেন ২০১১ সালে। তখন মেসির সঙ্গে তার রোমান্সের কথা বলে পুরো আর্জেন্টিনায় ব্যাপক আলোচিত হন জোয়ানা।সম্প্রতি পেরুভিয়ান টেলিভিশনের 'দ্য ভ্যালু অব ট্রুথ' অনুষ্ঠানে লাই ডিটেক্টর টেস্টে ২১টি প্রশ্নের সঠিক জবাব দিয়ে ১৪ হাজার ইউরো জিতেছেন জোয়ানা।ওই ২১ প্রশ্নের মধ্যে একটি প্রশ্ন ছিল, মেসির সাথে তার শারীরিক সম্পর্ক হয়েছিল কি না। জোয়ানা বলেছেন, 'হ্যাঁ'। কয়েক বছর আগের কথা। তবে আমার নাম মেসির হয় তো এখন মনেও নেই। মেসির সঙ্গে একটি ম্যাচের পর ওই রাতে আমি হোটেলে গিয়েছিলাম। সেখানে তার সঙ্গে রাত কাটিয়েছি।","['Government actions', 'International Affairs']",Straight
79,"<ul><li>শুক্রবার ইউএনডিপির মানব উন্নয়ন প্রতিবেদন ২০১৮ প্রকাশ</li><li>১৮৯ দেশের মধ্যে বাংলাদেশ ১৩৬তম, গতবার ছিল ১৩৮তম</li><li>এবার ভারতের অবস্থান ১৩০তম, আর পাকিস্তান ১৫০তম</li><li>সামাজিক খাতে ভারত ও পাকিস্তানের চেয়ে এগিয়ে বাংলাদেশ</li></ul>",['Discourse'],Commentary
80,"<p dir=""ltr"">শিক্ষা, স্বাস্থ্যসহ বিভিন্ন সামাজিক সূচকে ভারত ও পাকিস্তানের চেয়ে এগিয়ে আছে বাংলাদেশ। বাংলাদেশের মানুষের গড় আয়ু ওই দুটি দেশের চেয়ে বেশি। মাতৃমৃত্যু, শিশুমৃত্যু, স্কুলে পাঠগ্রহণ—এসব খাতে বাংলাদেশ বেশ এগিয়ে গেছে। তবে ভারত ও পাকিস্তানের চেয়ে মাথাপিছু গড় আয় বাংলাদেশের অনেক কম।</p>","['Government actions', 'International Affairs', 'Discourse']",Straight
81,"<p dir=""ltr"">গত শুক্রবার জাতিসংঘ উন্নয়ন কর্মসূচি (ইউএনডিপি) প্রকাশিত মানব উন্নয়ন প্রতিবেদন ২০১৮-এ এই চিত্র পাওয়া গেছে। প্রতিবেদন অনুযায়ী, ১৮৯টি দেশের মধ্যে বাংলাদেশের অবস্থান ১৩৬তম, গতবার ছিল ১৩৮তম। এবার ভারতের অবস্থান ১৩০তম, আর পাকিস্তান ১৫০তম। গতবারের চেয়ে বাংলাদেশ দুই ধাপ এগিয়ে গেলেও ভারত ও পাকিস্তান এক ধাপ পিছিয়েছে। ওই ১৮৯টি দেশের স্বাস্থ্য, শিক্ষা, গড় আয়সহ বিভিন্ন সূচকের ২০১৭ সালের পরিস্থিতি এই প্রতিবেদনে উঠে এসেছে। সার্বিকভাবে গতবারের মতো এবারও নরওয়ে শীর্ষস্থান দখল করেছে।</p>","['Government actions', 'Discourse']",Commentary
82,"<p dir=""ltr"">ইউএনডিপির মানব উন্নয়ন প্রতিবেদন কার্যালয়ের পরিচালক সেলিম জাহান এ বিষয়ে গতকাল সন্ধ্যায় প্রথম আলোকে বলেন, ভারত ও পাকিস্তানের মাথাপিছু আয় বাংলাদেশের চেয়ে বেশি। কিন্তু বাংলাদেশ সামাজিক খাতে ভালো করেছে। এর কারণ, স্বল্প আয় দিয়ে অনেক সুন্দরভাবে সামাজিক খাতে খরচ করতে পারছে বাংলাদেশ। অল্প আয় দিয়ে শিক্ষা ও স্বাস্থ্য খাতে কৌশলীভাবে দক্ষতার সঙ্গে খরচ করা হচ্ছে। এর ফলে সামাজিক সূচকগুলোতে এগিয়ে যাচ্ছে বাংলাদেশ।</p>","['Discourse', 'Government actions', 'Health', 'Education', 'International Affairs']",Straight
83,"<p dir=""ltr"">বাংলাদেশের মানুষ ভারত ও পাকিস্তানের মানুষের চেয়ে গড়ে বেশি দিন বাঁচে। মানব উন্নয়ন প্রতিবেদন অনুযায়ী, বাংলাদেশের মানুষের গড়ে গড় আয়ু এখন ৭২ দশমিক ৮ বছর। গড় আয়ু ভারতে ৬৮ দশমিক ৮ বছর ও পাকিস্তানে ৬৬ দশমিক ৬ বছর। নবজাতক-মৃত্যু ও পাঁচ বছরের কম বয়সী শিশুমৃত্যুর হার হ্রাসেও এগিয়ে আছে বাংলাদেশ। এক হাজার জীবিত শিশু জন্মগ্রহণ করলে বাংলাদেশে ২৮ দশমিক ২ জন নবজাতক মারা যায়। ভারত ও পাকিস্তানে এই সংখ্যা যথাক্রমে ৩৪ দশমিক ৬ এবং ৬৪ দশমিক ২। একইভাবে ৫ বছরের কম বয়সী শিশুমৃত্যুর হার কমানোর ক্ষেত্রেও বাংলাদেশ ভালো করেছে। বাংলাদেশে ১ হাজার জীবিত শিশুর মধ্যে পাঁচ বছর বয়স হওয়ার আগেই ৩৪ দশমিক ২ জন মারা যায়। পাকিস্তানে তা দ্বিগুণের বেশি, ৭৮ দশমিক ৮ জন। আর ভারতে ৪৩ জন।<br /><br />সন্তান প্রসবজনিত মাতৃমৃত্যু হারে অবশ্য তিন দেশই কাছাকাছি অবস্থানে। বাংলাদেশ ভারতের চেয়ে পিছিয়ে, পাকিস্তানের চেয়ে এগিয়ে। বাংলাদেশে প্রতি ১ লাখ গর্ভবতী মায়ের মধ্যে সন্তান জন্ম দিতে গিয়ে গড়ে ১৭৬ জন মারা যান। ভারত ও পাকিস্তানে এই সংখ্যা যথাক্রমে ১৭৪ ও ১৭৮।<br /><br />বাংলাদেশে সাক্ষরতার হার অবশ্য এখন ৭২ দশমিক ৮ শতাংশ। ভারতে তা ৬৯ দশমিক ৯ শতাংশ ও পাকিস্তানে ৫৭ শতাংশ। অথচ মোট দেশজ উৎপাদনের (জিডিপি) অনুপাতে বাংলাদেশ শিক্ষা খাতে ওই দুটি দেশের চেয়ে কম খরচ করে।<br /><br />নারীর ক্ষমতায়নেও এগিয়ে বাংলাদেশ। ভারত ও পাকিস্তানের চেয়ে বাংলাদেশে সংসদে নারী প্রতিনিধিত্ব বেশি। বাংলাদেশে সংসদে যত আসন আছে, এর মধ্যে ২০ দশমিক ৩ শতাংশই নারী প্রতিনিধি। পাকিস্তানে তা ২০ শতাংশ এবং ভারতে ১১ দশমিক ৬ শতাংশ।<br /><br />তবে মাথাপিছু আয়ে বেশ পিছিয়ে বাংলাদেশ। ক্রয়ক্ষমতার সক্ষমতা অনুসারে (পিপিপি হিসাবে) বাংলাদেশের মানুষের মাথাপিছু গড় আয় এখন ৩ হাজার ৬৭৭ ডলার। ভারতের প্রায় দ্বিগুণের কাছাকাছি, ৬ হাজার ৩৫৩ ডলার। আর পাকিস্তানে ৫ হাজার ৩১১ ডলার।<br /><br />এই বিষয়ে সেলিম জাহান আরও বলেন, যদি আয় বাদ দিয়ে শুধু সামাজিক সূচক দিয়ে এই প্রতিবেদনটি তৈরি করা হতো, তাহলে বাংলাদেশের অবস্থান আরও ৯ ধাপ এগোত। অন্যদিকে ভারত আরও ৫ ধাপ ও পাকিস্তান ১৫ ধাপ পিছিয়ে যেত।<br /><br />সার্বিকভাবে অবশ্য দক্ষিণ এশিয়ায় বাংলাদেশের অবস্থান কিছুটা দুর্বল। আটটি দেশের মধ্যে বাংলাদেশ পঞ্চম অবস্থানে। শীর্ষস্থানে আছে শ্রীলঙ্কা (৭৬তম)। এ ছাড়া বাংলাদেশের চেয়ে এগিয়ে থাকা অন্য দেশগুলো হলো মালদ্বীপ (১০১তম), ভারত (১৩০তম) ও ভুটান (১৩৪তম)। বাংলাদেশের পেছনে আছে নেপাল (১৪৯তম), পাকিস্তান (১৫০তম) ও আফগানিস্তান (১৬৮তম)।<br /><br />প্রতিবেদন অনুযায়ী, বাংলাদেশে নারীরা পুরুষের তুলনায় বেশ পিছিয়ে আছেন। পুরুষেরা নারীদের চেয়ে আড়াই গুণ বেশি আয় করতে পারেন। নারীদের মাথাপিছু গড় আয় (পিপিপি অনুসারে) মাত্র ২ হাজার ৪১ ডলার। আর পুরুষের গড় আয় ৫ হাজার ২৮৫ ডলার। অন্যদিকে নারীরা শিক্ষার সুযোগও কম পান। নারীরা গড়ে ৫ দশমিক ২ বছর পড়াশোনা করতে পারেন, পুরুষেরা গড়ে ৬ বছর বছর পড়াশোনা করেন। তবে বাংলাদেশের পুরুষের চেয়ে নারীরা বেশি দিন বাঁচেন। পুরুষেরা গড়ে ৭১ দশমিক ২ বছর বাঁচেন, নারীরা বাঁচেন ৭৪ দশমিক ৬ বছর।<br /><br />ইউএনডিপির ওই প্রতিবেদনে মানব নিরাপত্তার বিষয়টিও উঠে এসেছে। সেখানে বলা হয়েছে, বাংলাদেশের প্রতি ১০ লাখ লোকের মধ্যে প্রাকৃতিক দুর্যোগের কারণে ১৩১ জন বাস্তুচ্যুত হন। এ ছাড়া অভ্যন্তরীণভাবে নিজেদের বাড়িঘর ছেড়ে অন্য স্থানে চলে যেতে বাধ্য হয়েছেন এমন মানুষের সংখ্যা ৪ লাখ ৩২ হাজার। সার্বিকভাবে দেশের প্রায় ২৩ লাখ এতিম শিশু আছে।</p>","['Politics', 'Discourse', 'Education', 'Protests']",Commentary
84,"<p>বর্তমান সরকারের সময় বিভিন্ন শিক্ষাপ্রতিষ্ঠানে ছাত্রলীগের ‘সন্ত্রাসী’ কর্মকাণ্ডের বিচারের জন্য একটি বিচার বিভাগীয় তদন্ত কমিশন গঠনের দাবি জানিয়েছেন বিএনপির স্থায়ী কমিটির সদস্য মওদুদ আহমদ।আজ রোববার রাজধানীর রিপোর্টার্স ইউনিটিতে ‘শিক্ষাঙ্গনে সন্ত্রাস’ শীর্ষক একক বক্তৃতায় মওদুদ আহমদ এ দাবি জানান। ‘মুক্তচিন্তা ফোরাম’ নামের একটি সংগঠন এ বক্তৃতার আয়োজন করে।মওদুদ আহমদ অভিযোগ করেন, বর্তমান সরকারের আমলে বড় বড় শিক্ষাপ্রতিষ্ঠানে নৈরাজ্যকর পরিস্থিতির সৃষ্টি হয়েছে। বিভিন্ন শিক্ষাপ্রতিষ্ঠানে ছাত্রশিবির ও ছাত্রদলের সন্ত্রাসী ও অপরাধমূলক কর্মকাণ্ড সম্পর্কে দৃষ্টি আকর্ষণ করা হলে মওদুদ আহমদ বলেন, সেগুলোও অপরাধ। তবে বর্তমানে শিক্ষাঙ্গনে সন্ত্রাস মানেই ছাত্রলীগের সন্ত্রাস।এই পরিস্থিতিতে ছাত্রলীগের সন্ত্রাসী কর্মকাণ্ড বিচারের জন্য একটি বিচার বিভাগীয় তদন্ত কমিশন গঠন করার দাবি জানান মওদুদ আহমদ। তিনি বলেন, ‘আমরা জানি এ সরকার তা করবে না।’মওদুদ আহমদ তাঁর বক্তৃতায় বলেন, স্বাধীনতার আগে ও পরে ছাত্রলীগের ভূমিকা সম্পূর্ণ বিপরীত। এখন শিক্ষাঙ্গনে অস্ত্রবাজি, চাঁদাবাজি, টেন্ডারবাজি নিত্যনৈমিত্তিক ঘটনা। আর এর শিকার সাধারণ শিক্ষার্থীরা।বিএনপির স্থায়ী কমিটির এই সদস্য বলেন, ছাত্রলীগ এ সরকারের অন্যতম কলঙ্ক। তারা সরকারের ভাবমূর্তি নষ্ট করছে। কিন্তু সরকার নিষ্ক্রিয়। কারণ তারাই ছাত্রলীগকে প্রশ্রয় দেয়।মওদুদ আহমদ অভিযোগ করেন, ছাত্রলীগ এখন শিক্ষকদের গায়েও হাত তুলছে, যা অকল্পনীয়। যে দল ক্ষমতায় থেকে ড. মুহাম্মদ ইউনূস, এবিএম মূসার মতো সম্মানিত লোকদের অসম্মানিত করে, তাদের ছাত্র সংগঠন এ ধরনের কাজই করবে। সারা বিশ্বে যাঁর (ড. মুহম্মদ ইউনূস) সুনাম, তাঁকে তাদের নেতারা অপমান করলে, তারা কেন তাদের শিক্ষকদের অপমান করবে না?’শিক্ষাঙ্গনে সন্ত্রাস একটি জাতীয় সমস্যা হিসেবে চিহ্নিত করে রাজনীতিবিদ ও পেশাজীবীদের সমন্বয়ে একটি জাতীয় কনভেনশন করা এবং ছাত্র সংসদ নির্বাচন দেওয়ার পরামর্শ দেন মওদুদ আহমদ। সবার জন্য সমান সুযোগ নিশ্চিত করে ছাত্র সংসদ নির্বাচন করা গেলে শিক্ষাঙ্গনে সন্ত্রাস বন্ধ করা যেতে পারে বলে মত দেন তিনি।</p>",['Crime'],Straight
85,"<p>রাজধানীর আফতাবনগরে গতকাল বৃহস্পতিবার মধ্যরাতে পুলিশের সঙ্গে সন্ত্রাসীদের ‘বন্দুকযুদ্ধে’ তিন যুবক আহত হয়েছে। তারা হলো মনির হোসেন, স্বপন, আবদুল্লাহ আল মামুন। পুলিশি পাহারায় তাদের ঢাকা মেডিকেল কলেজ হাসপাতালে ভর্তি করা হয়েছে।<br />বাড্ডা থানার পুলিশ জানায়, রাত ১১টার দিকে বাড্ডা থানায় খবর আসে, একদল দুর্বৃত্ত ডাকাতির প্রস্তুতি নিচ্ছে। এ তথ্যের ভিত্তিতে বাড্ডা থানার একদল পুলিশ সেখানে অভিযান চালায়। পুলিশের উপস্থিতি টের পেয়ে ডাকাতেরা পুলিশকে লক্ষ্য করে গুলি ছোড়ে। পুলিশ পাল্টা গুলি চালালে দুই পক্ষের মধ্যে বন্দুকযুদ্ধ বাধে। একপর্যায়ে পুলিশ গুলিবিদ্ধ তিন ডাকাত মনির, স্বপন ও মামুন এবং তাদের দুই সহযোগীকে আটক করে। অন্যরা পালিয়ে যায়। পরে গুলিবিদ্ধ তিন ডাকাতকে পুলিশি পাহারায় ঢাকা মেডিকেল কলেজ হাসপাতালে ভর্তি করা হয়।<br />রাত একটায় বাড্ডা থানার কর্তব্যরত উপপরিদর্শক (এসআই) মোহাম্মদ আল ফয়সাল প্রথম আলোকে বলেন, বন্দুকযুদ্ধের সময় দুই পুলিশ সদস্য আহত হন। পুলিশ ঘটনাস্থল থেকে দুটি চাপাতি, একটি ছোরা, একটি গুলি ও দুটি গুলির খোসা উদ্ধার করেছে।</p>",['Health'],Straight
86,"বঙ্গবন্ধু শেখ মুজিব মেডিকেল বিশ্ববিদ্যালয়ের (বিএসএমএমইউ) ভিসি অধ্যাপক ডা. কামরুল হাসান খান বলেছেন, জরায়ু মুখের ক্যান্সার ও স্তন ক্যান্সার বাংলাদেশের স্বাস্থ্য সমস্যার ক্ষেত্রে একটি বড় বিষয়। তবে প্রাথমিক পর্যায়ে শনাক্ত করতে পারলে প্রতিরোধ করা সম্ভব। শনিবার সকাল ৯টায় বিএসএমএমইউ’র ডি ব্লকের ১১ তলায় ন্যাশনাল ইন্সটিটিউট অব নিউক্লিয়ার মেডিসিন অ্যান্ড অ্যালায়েন্স সায়েন্সেস (আইএনএম) মিলনায়তনে আয়োজিত এক অনুষ্ঠানে প্রধান অতিথির বক্তব্যে এসব কথা বলেন তিনি। বাংলাদেশ সোসাইটি অব কলপোস্কোপিক অ্যান্ড সারভাইক্যাল প্যাথলজির (বিডিএসসিসিপি) প্রথম বার্ষিক সাধারণ সভা ও বৈজ্ঞানিক সম্মেলনের উদ্বোধন উপলক্ষে এই অনুষ্ঠানে আয়োজন করা হয়।বাংলাদেশ সোসাইটি অব কলপোস্কোপিক অ্যান্ড সারভাইক্যাল প্যাথলজির প্রেসিডেন্ট অধ্যাপক ডা. সাবেরা খাতুনের সভাপতিত্বে সম্মেলনে বিশেষ অতিথি হিসেবে উপস্থিত ছিলেন জাতীয় অধ্যাপক ডা. শাহলা খাতুন, অধ্যাপক ডা. আবদুল বায়েছ ভূঁইয়া, অধ্যাপক এজিই নাহার রহমান। সম্মানিত অতিথি হিসেবে উপস্থিত ছিলেন বিএসএমএমইউর কোষাধ্যক্ষ অধ্যাপক ডা. মো. আলী আসগর মোড়ল, অবসটেটিক্স অ্যান্ড গাইনোকোলজিক্যাল সোসাইটি অব বাংলাদেশের প্রেসিডেন্ট অধ্যাপক রওশন আরা। স্বাগত বক্তব্য রাখেন বিডিএসসিসিপির সাধারণ সম্পাদক অধ্যাপক ডা. আশরাফুন্নেসা। এর আগে সকাল ৮টায় স্তন ক্যান্সার প্রতিরোধে সচেতনতা সৃষ্টিতে বিশ্ববিদ্যালয়ের প্রশাসনিক গেটের সামনে একটি পিংক (গোলাপী) সমাবেশ অনুষ্ঠিত হয়।শিশু গ্যাস্ট্রোএন্টারোলজিবিষয়কআন্তর্জাতিক সম্মেলন অনুষ্ঠিত : শনিবার সকাল ১০টায় বিএসএমএমইউ’র বি ব্লকের নিচতলায় শহীদ ডা. মিলন হলে বাংলাদেশ সোসাইটি ফর প্যাডিয়াট্রিক গ্যাস্ট্রোএন্টারোলজি অ্যান্ড নিউট্রিশনের উদ্যোগে ২য় আন্তর্জাতিক প্যাডিয়াট্রিক (শিশু) গ্যাস্ট্রোএন্টারোলজি কনফারেন্স অ্যান্ড সায়েন্টিফিক সেমিনার অনুষ্ঠিত হয়।সেমিনারে প্রধান অতিথি ছিলেন বিশ্ববিদ্যালয়ের ভিসি অধ্যাপক ডা. কামরুল হাসান খান। ","['Discourse', 'Politics', 'Government actions']",Commentary
87,"মামলা পরিচালনায় কত টাকা ফিস দেওয়া হয়েছে সেটা কখনো গুনে দেখতেন না। অসংখ্য মামলা করেছেন বিনা পয়সায়। সেই গরিবের আইনজীবী অ্যাডভোকেট আব্দুল বাসেত মজুমদার আর নেই। গতকাল বুধবার সকাল ৮টা ১৮ মিনিটে রাজধানীর ইউনাইটেড হাসপাতালে চিকিত্সাধীন অবস্থায় তিনি ইন্তেকাল করেন (ইন্নালিল্লাহি...রাজিউন)। সুপ্রিম কোর্টের সিনিয়র এই আইনজীবীর মৃত্যুতে আইন অঙ্গনে নেমে এসেছে শোকের ছায়া। তার প্রতি শ্রদ্ধা জানিয়ে সুপ্রিম কোর্টের আপিল ও হাইকোর্ট বিভাগের বিচারকাজ বন্ধ রাখা হয়। বিচার কাজ বন্ধ ছিল ঢাকার নিম্ন আদালতেও। পরে বাদ জোহর সুপ্রিম কোর্ট প্রাঙ্গণে আনা হয় মরদেহ। সেখানে বিচারপতি, আইনজীবী, রাজনীতিবিদসহ বিভিন্ন শ্রেণি-পেশার হাজারো মানুষ জড়ো হন। পরে জাতীয় ঈদগাহ ময়দানে তার নামাজে জানাজা অনুষ্ঠিত হয়। তাতে হাজার হাজার মানুষ অংশ নেন। বেশ কিছুদিন ধরেই বার্ধক্যজনিত অসুস্থতার কারণে হাসপাতালে চিকিত্সাধীন ছিলেন সুপ্রিম কোর্ট আইনজীবী সমিতির সাবেক সভাপতি বাসেত মজুমদার। মৃত্যুর কয়েক দিন আগে তাকে নেওয়া হয় লাইফ সাপোর্টে। তার বয়স হয়েছিল ৮৬ বছর। স্ত্রী, দুই পুত্র ও এক কন্যা রেখে গেছেন। আইন পেশায় নিজেকে নিয়োজিত রেখেছিলেন ৫৬ বছর। প্রবীণ এই আইনজীবীর মৃত্যুতে রাষ্ট্রপতি মো. আবদুল হামিদ ও প্রধানমন্ত্রী শেখ হাসিনা গভীর শোক প্রকাশ করে পৃথক বিবৃতি দিয়েছেন। শোক প্রকাশ করে আরো বিবৃতি দিয়েছেন জাতীয় সংসদের স্পিকার ড. শিরীন শারমিন চৌধুরী ও প্রধান বিচারপতি সৈয়দ মাহমুদ হোসেন। এদিকে বাদ জোহর তার প্রথম নামাজে জানাজায় অংশ নেন প্রধান বিচারপতিসহ সুপ্রিম কোর্টের আপিল ও হাইকোর্ট বিভাগের বিচারপতিগণ, মত্স্য ও প্রাণিসম্পদ মন্ত্রী শ ম রেজাউল করিম, আইনমন্ত্রী আনিসুল হক, রেলমন্ত্রী নূরুল ইসলাম সুজন, বিমান প্রতিমন্ত্রী মাহবুব আলী, আওয়ামী লীগের সভাপতিমণ্ডলীর সদস্য জাহাঙ্গীর কবির নানক, যুগ্ম-সম্পাদক মাহবুব উল আলম হানিফ, অ্যাটর্নি জেনারেল এ এম আমিন উদ্দিন, ঢাকা দক্ষিণ সিটি করপোরেশনের মেয়র ব্যারিস্টার শেখ ফজলে নূর তাপস, আওয়ামী লীগের কেন্দ্রীয় সাংগঠনিক সম্পাদক আহমদ হোসেন ও আফজাল হোসেন, জাতীয় পার্টি-জেপির প্রেসিডিয়াম সদস্য সাদেক সিদ্দিকীসহ বিভিন্ন শ্রেণি-পেশার কয়েক হাজার মানুষ।বাসেত মজুমদারের ছেলে অ্যাডভোকেট সাঈদ আহমেদ রাজা উপস্থিত সবার উদ্দেশ্যে অশ্রুসিক্ত নয়নে বলেন, ‘আমার বাবা অনেক ভালো মানুষ ছিলেন। তিনি যদি কারো কাছে কোনো অঙ্গীকার করে থাকেন তাহলে আমাকে জানাবেন তা পূরণের সর্বাত্মক চেষ্টা করব।’ সুপ্রিম কোর্ট আইনজীবী সমিতির সম্পাদক ব্যারিস্টার রুহুল কুদ্দুস কাজল মরহুমের বর্ণাঢ্য জীবনের অংশ বিশেষ তুলে ধরেন। জানাজা শেষে মরহুমের কফিনে ফুল দিয়ে শ্রদ্ধা জানান প্রধান বিচারপতি, সুপ্রিম কোর্টের বিচারপতিসহ বিভিন্ন সংগঠনের নেতৃবৃন্দ। শ্রদ্ধা নিবেদন শেষে তার মরদেহ নিয়ে যাওয়া হয় তার জন্মস্থান কুমিল্লায়। সেখানে লালমাই উপজেলার হরিশ্চর হাইস্কুল মাঠে তৃতীয় নামাজে জানাজা অনুষ্ঠিত হয়। এতে কুমিল্লা সদর আসনের এমপি আ ক ম বাহাউদ্দিনসহ বিভিন্ন শ্রেণি-পেশার মানুষ অংশ নেন। পরে তাকে নিজ বাড়ি শানিচোঁ গ্রামে পারিবারিক কবরস্থানে দাফন করা হয়। এদিকে বাসেত মজুমদারের মৃত্যুতে তার পরিবারের প্রতি গভীর সমবেদনা জানিয়েছেন অর্থমন্ত্রী আহম মুস্তফা কামাল, স্থানীয় সরকার পল্লী উন্নয়ন ও সমবায় মন্ত্রী মো. তাজুল ইসলাম প্রমুখ। ১৯৩৮ সালের পহেলা জানুয়ারি কুমিল্লার লাকসামে শানিচোঁ গ্রামে জন্মগ্রহণ করেন তিনি। ঢাকা বিশ্ববিদ্যালয় থেকে এলএলবি ডিগ্রি লাভ করেন। ষাটের দশকে ঐতিহাসিক সব আন্দোলনে সক্রিয়ভাবে যুক্ত ছিলেন। ছয় দফা আন্দোলনে সক্রিয় ভূমিকা পালন করেন। ছিলেন সুপ্রিম কোর্ট আইনজীবী সমিতির সভাপতি। দুই মেয়াদে বার কাউন্সিলের ভাইস চেয়ারম্যানের দায়িত্ব পালন করেছেন। ১৯৭১ সালে মুক্তিযুদ্ধের সংগঠক হিসেবে গুরুত্বপূর্ণ ভূমিকা পালন করেন। জেপির শোক :জাতীয় পার্টি-জেপির চেয়ারম্যান আনোয়ার হোসেন মঞ্জু এমপি এবং সাধারণ সম্পাদক শেখ শহীদুল ইসলাম এক বিবৃতিতে গভীর শোক ও দুঃখ প্রকাশ করে বলেন, বাসেত মজুমদারের মৃত্যুতে দেশ একজন শীর্ষ স্থানীয় আইনজীবীকে হারাল; যিনি গরিবের আইনজীবী হিসেবেও পরিচিত ছিলেন। একই সঙ্গে তার রুহের মাগফেরাত কামনা এবং শোকসন্তপ্ত পরিবারবর্গের প্রতি আন্তরিক সমবেদনা জানান নেতৃবৃন্দ। এদিকে সুপ্রিম কোর্ট আইনজীবী সমিতির নেতৃবৃন্দ, কোর্ট রিপোর্টার্স অ্যাসোসিয়েশন, ঢাকার সভাপতি অ্যাডভোকেট মো. মশিহুর রহমান ও সাধারণ সম্পাদক অ্যাডভোকেট মো. রুবেল হাওলাদার এক বিবৃতিতে শোক প্রকাশ করেছেন। ",['Sports'],Straight
88,<blockquote>&gt;খুলনায় ঘরোয়া ক্রিকেটে খেলতে গিয়েই একেবারে অপ্রত্যাশিতভাবে ডাক পান। আর সরাসরি একাদশে নেমে ইমরুল অপরাজিত থাকলেন ৭২ রানে। মাহমুদউল্লাহর সঙ্গে ষষ্ঠ উইকেট জুটিতে গড়লেন বাংলাদেশের নতুন রেকর্ড</blockquote>,['Sports'],Commentary
89,"<p>দুবাই রওনা দেওয়ার আগে <a href=""https://www.prothomalo.com/topic/ইমরুল-কায়েস"" target=""_blank"">ইমরুল কায়েসের</a> চিন্তায় ছিল কন্ডিশন। কাল প্রায় মধ্যরাতে টিম হোটেলে পৌঁছে পরদিন দুপুরে ১৫০ কিলোমিটার দূরের আবুধাবিতে খেলতে নেমেছেন। কন্ডিশনের সঙ্গে মানিয়ে নেওয়ার কোনো সময়ই পাননি, প্রতিপক্ষের বোলারদের চেয়ে ইমরুলের চিন্তায় ছিল আবুধাবির গরম। প্রতিপক্ষের বোলারদের সামলেছেন, কন্ডিশনও বাধা হয়নি—উড়ে গিয়েই দুর্দান্ত ইমরুলকে দেখা গেছে। দেখা গেছে দুর্দান্ত <a href=""https://www.prothomalo.com/topic/মাহমুদউল্লাহ-রিয়াদ"" target=""_blank"">মাহমুদউল্লাহ</a>কেও। এ দুইয়ের ষষ্ঠ উইকেটে ১২৮ রানের জুটির সৌজন্যে আফগানিস্তানকে বাংলাদেশ ছুড়ে দিয়েছে ২৫০ রানের লক্ষ্য।</p>",['Sports'],Straight
90,"<p>টস জিতে আগে ব্যাটিং করা বাংলাদেশের শুরুটা আজও বাজে। ওপেনিং জুটি ভেঙেছে ১৬ রানে। আগের দুই ম্যাচে ১৪ রান করা নাজমুল আজ করতে পেরেছেন ৬। সাকিব আল হাসানের জায়গায় মোহাম্মদ মিঠুনকে পাঠানো হয় তিনে। ব্যাটিং অর্ডারে পদোন্নতি পেলেও স্কোরে উন্নতি হয়নি—মুজিবুর রহমানের বলে এলবিডব্লু হয়েছেন মাত্র ১ রানে। ১৮ রানে ২ উইকেট হারিয়ে ফেলে যে ধাক্কাটা খেয়েছিল বাংলাদেশ, সেটি সামাল দেয় লিটন-মুশফিকের তৃতীয় উইকেটে তোলা ৬৩ রানের জুটি।</p>","['Sports', 'Discourse']",Commentary
91,"<p>ভালোই এগোচ্ছিল। হঠাৎ ভূতে পেয়ে বসল বাংলাদেশকে! নয়তো কী! ২ উইকেটে ১৮ রান তুলে ফেলার পর বাংলাদেশের ইনিংসে যা ঘটল, কেবল ভূত তাড়া করলেই এমন পাগুলে কিছু করা সম্ভব। লিটন দাস আগের বলে চার মেরে পরের বলেই আবার উড়িয়ে মারতে চাইলেন এ সময়ের সেরা লেগ স্পিনার রশিদ খানকে। রান হয় না এমন একটা বলে রান নিতে চেয়ে শূন্য রানে রানআউট হলে ফিরলেন সাকিব। এভাবে রান নেওয়ার কোনো মানে হয়...সাকিবের সঙ্গে মাঠেই মৃদু বাহাসে মেতে ওঠা মুশফিক নিজে কী করলেন? তিনিও খ্যাপা দৌড় দিলেন ননস্ট্রাইকিং প্রান্ত থেকে। সাকিবের অপরাধের পুনরাবৃত্তি। ১৪ বল আর ৭ রানের মধ্যে বাংলাদেশ হারাল ৩ ব্যাটসম্যানকে।</p>","['Sports', 'Discourse']",Commentary
92,"<p>বাংলাদেশের সামনে যখন লড়াইয়ের পুঁজি পাওয়া নিয়ে সংশয়, তখনই ইমরুল-মাহমুদউল্লাহর প্রতিরোধ। নিয়মকে বুড়ো আঙুল দেখিয়ে টুর্নামেন্টের মাঝপথে হুট করে উড়িয়ে নেওয়া দুই ক্রিকেটারের একজন ইমরুল ঘুরে দাঁড়ানোর লড়াই করছেন মাহমুদউল্লাহকে নিয়ে। ষষ্ঠ উইকেটে এই জুটি ১২৮ রান যোগ করেই বাংলাদেশকে এনে দিয়েছে ২৪৯ রানের চ্যালেঞ্জিং স্কোর। ষষ্ঠ উইকেট জুটিতে এটাই ওয়ানডেতে বাংলাদেশের নতুন রেকর্ড।</p>",['Sports'],Commentary
93,"<p>অফ স্টাম্পের বাইরের শর্ট বলটা লাফিয়ে চালাতে গিয়ে মাহমুদউল্লাহ আউট হয়েছেন ৭৪ রান করে। তবে ইমরুল অপরাজিত ৭২ রান করে। শুধু কন্ডিশন-প্রতিপক্ষের বোলাররা নয়, বাঁহাতি ব্যাটসম্যানকে মানিয়ে নিতে হয়েছে হঠাৎ বদলে যাওয়া ব্যাটিং অর্ডারের সঙ্গেও। ক্যারিয়ারজুড়ে ব্যাটিং করেছেন ওপেনিং কিংবা তিনে। সেই ইমরুল আজ নামলেন ছয়ে।</p>","['Sports', 'Discourse']",Commentary
94,"<p>কঠিন পথ পেরিয়ে ইমরুল ভালো খেলেছেন, ভালো খেলেছেন মাহমুদউল্লাহ। বাজে শুরুর পরও তাই বাংলাদেশ ইনিংস পেয়েছে আশাব্যঞ্জক সমাপ্তি। মাহমুদউল্লাহকে স্যালুট দিতে হবে। ঘুরে দাঁড়ানোর শুরুটা তাঁর ব্যাটেই। তবে ইমরুল পাবেন বাড়তি বাহবা। এত দ্রুত নিজেকে মানিয়ে নিতে হয়েছে...কন্ডিশন শুধু নয়, ব্যাটিং লাইনআপের অচেনা পজিশনেও। আর তাঁর কাজটাকে আরও কঠিন করে তুলেছিল বাংলাদেশের স্কোর। সেখান থেকেই ইমরুল অপরাজিত থেকে ফিরলেন। শাবাশ ইমরুল!</p>","['Crime', 'Discourse']",Investigative
95,"রংপুরের মিঠাপুকুরে যৌন হয়রানির অভিযোগে অর্থদণ্ড করা হয়েছে একটি বেসরকারি উন্নয়ন সংস্থার এক কর্মচারীর। কিন্তু হয়রানির শিকার মেয়েটির পরিবারে টাকার বিষয়টি তখনও অজানা ছিল। তাকে এ অভিযোগে দু’দিন একটি বাড়িতে আটক রেখে শেষ পর্যন্ত এক লাখ টাকায় রফা করা হয়েছে। খবর পেয়ে মিঠাপুকুর থানা পুলিশ ঘটনাস্থল পরিদর্শন করে এ বিষয়ে সত্যতা পেয়েছে। এলাকাবাসী ও প্রত্যক্ষদর্শী সূত্রে জানা গেছে, বকুল হোসেন বেসরকারি উন্নয়ন সংস্থা আশার ক্ষুদ্রঋণ কার্যক্রম প্রকল্পের কর্মচারী। দীর্ঘদিন ধরে রাণীপুকুর পূর্বপাড়া গ্রামের এক গৃহস্থ পরিবারের মেয়েকে তিনি উত্ত্যক্ত করতেন। গত বৃহস্পতিবার সন্ধ্যায় ওই মেয়েকে উত্ত্যক্ত করার সময় এলাকাবাসী বকুল হোসেনকে আটক করেন। এরপর তাকে দু’দিন ধরে ওই এলাকার এক প্রভাবশালীর বাসায় আটকে রাখা হয়। পরে কয়েক দফায় দেনদরবার শেষে শুক্রবার রাতে রাণীকুপুর স্কুল অ্যান্ড কলেজের প্রভাষক সেকান্দার আলী মণ্ডলের মধ্যস্থতায় সালিশ বৈঠক বসে। ","['Government actions', 'Business & Economy', 'Sciene & Environment']",Straight
96,"<p>পরিবেশ ছাড়পত্র ছাড়া কারখানা পরিচালনা করায় ওষুধ উৎপাদনকারী প্রতিষ্ঠান ইবনে সিনা ফার্মাসিউটিক্যালসকে ৫০ লাখ টাকা জরিমানা করেছে পরিবেশ অধিদপ্তর। গতকাল রোববার ইবনে সিনা গ্রুপের মালিকানাধীন এ প্রতিষ্ঠানটিকে জরিমানা করা হয়। প্রতিষ্ঠানটির বিরুদ্ধে ১৮ বছর ধরে পরিবেশ ছাড়পত্র ছাড়া কারখানায় উৎপাদন কর্মকাণ্ড পরিচালনা করার অভিযোগ আনে পরিবেশ অধিদপ্তর।সম্প্রতি পরিবেশ অধিদপ্তরের গাজীপুর কার্যালয়ের একটি দল কারখানায় আকস্মিক অভিযান চালালে ইবনে সিনার কারখানায় পরিবেশ ছাড়পত্র না থাকার এ ঘটনা উদ্ঘাটিত হয়। পরিদর্শক দল গাজীপুরের কালিয়াকৈরে অবস্থিত কারখানায় গেলে কর্মকর্তারা কারখানা পরিদর্শনে বাধা দেন এবং তথ্য দিতে অসহযোগিতা প্রদর্শন করেন বলে অভিযোগ ওঠে।গতকাল পরিবেশ অধিদপ্তরের পরিচালক (এনফোর্সমেন্ট) মোহাম্মদ মুনীর চৌধুরী ইবনে সিনা ফার্মাসিউটিক্যালসের ব্যবস্থাপনা পরিচালককে পরিবেশ আইন লঙ্ঘনের অপরাধে দণ্ডিত করে ৫০ লাখ টাকা আদায় করেন। কারখানার ব্যবস্থাপনা পরিচালক অধ্যাপক আবু নাসের মোহাম্মদ আবদুজ জাহের পরিচালকের (এনফোর্সমেন্ট) কাছে লিখিত এক আবেদনে এ ঘটনার জন্য আন্তরিকভাবে দুঃখ প্রকাশ করেন।গতকাল কোম্পানির পক্ষে মহাব্যবস্থাপক ও কোম্পানির সেক্রেটারি মোহাম্মদ শহীদ ফারুকী, প্ল্যান্ট ব্যবস্থাপক রফিকুল হক, মাননিয়ন্ত্রণ ব্যবস্থাপক আবদুল খালেক ও ব্যবস্থাপক (ইঞ্জিনিয়ারিং) মমতাজুল করিম পরিচালকের (এনফোর্সমেন্ট) কাছে শুনানিতে হাজির হয়ে পরিবেশ ছাড়পত্রবিহীন কারখানা নির্মাণ ও পরিচালনার জন্য দুঃখ প্রকাশ এবং ক্ষমা প্রার্থনা করেন। তাঁরা জানান, এ ঘটনা নিতান্তই তাঁদের অজ্ঞতা। এ প্রসঙ্গে পরিচালক (এনফোর্সমেন্ট) মুনীর চৌধুরী জানান, ‘১৮ বছর ধরে একটি বৃহৎ শিল্পপ্রতিষ্ঠান বেআইনিভাবে চালানো পরিবেশ আইন অমান্যের এক নজিরবিহীন ঘটনা। তাই এ দৃষ্টান্তমূলক শাস্তি দেওয়া হয়েছে, যাতে সবাই সর্বক্ষেত্রে পরিবেশ আইন মেনে চলে। কারখানা কর্তৃপক্ষকে অবিলম্বে তাদের উৎপাদন পরিকল্পনা এবং বর্জ্য ব্যবস্থাপনা সম্পর্কিত সব তথ্য-উপাত্ত দাখিলের নির্দেশ দেওয়া হয়েছে।’</p>","['International Affairs', 'Crime']",Investigative
97,"<p>কুড়িগ্রামের রৌমারী সীমান্তে ভারত থেকে গরু আনার সময় ভারতীয় সীমান্তরক্ষী বাহিনীর (বিএসএফ) ধাওয়ার পর নদীতে ঝাঁপ দিয়ে একজনের মৃত্যু হয়েছে বলে অভিযোগ পাওয়া গেছে। আজ বুধবার দুপুরে বর্ডার গার্ড বাংলাদেশ (বিজিবি) নদী থেকে ওই ব্যক্তির লাশ উদ্ধার করে পুলিশকে দেয়।<br /><br />ওই ব্যক্তির নাম খয়বর আলী (৪২)। তিনি উপজেলার দাঁতভাঙ্গা ইউনিয়নের হরিণধরা গ্রামের নজির হোসেনের ছেলে। রৌমারী সীমান্তে ভারত থেকে বাংলাদেশে গরু পারাপারের কাজ করতেন খয়বর।<br /><br />বিজিবি ও স্থানীয় সূত্রে জানা যায়, আজ কুয়াশাচ্ছন্ন সকালে রৌমারী দাঁতভাঙ্গা সীমান্তের ১০৫৭ নম্বর আন্তর্জাতিক পিলারের পাশ দিয়ে খয়বর আলীসহ ১০ থেকে ১২ জন ভারত থেকে গরু আনতে যাচ্ছিলেন। এদিকে বাংলাদেশি সীমান্তে বিজিবি টহল দিচ্ছিল। তাঁরা বিজিবিকে দেখে আশপাশে বিভিন্ন দিকে লুকিয়ে পড়েন। এ সময় খয়বর আলী ভুল করে ভারতীয় সীমান্তের ভেতরে ঢুকে পড়েন। এতে বিএসএফ ক্যাম্পের সদস্যরা খয়বরকে ধাওয়া দেন। তিনি জীবন বাঁচাতে দৌড়ে জিঞ্জিরাম নদের ওপর সেতু থেকে লাফ দেন। এরপর থেকে তিনি নিখোঁজ ছিলেন। পরে বেলা আড়াইটার দিকে তাঁর লাশ উদ্ধার করা হয়।</p>",['Crime'],Straight
98,"<p>জামালপুর ৩৫ বিজিবি ব্যাটালিয়নের পরিচালক লেফটেন্যান্ট কর্নেল এস কে আজাদ বলেন, খয়বর আলীর লাশ পুলিশের কাছে হস্তান্তর করা হয়েছে।</p>",['Discourse'],Commentary
